normalization_status,normalization_notes,compound,target,disorder,canonical_compound,canonical_entity,compound_original,target_original,disorder_original,graph_entity_original,raw_entity_label,entity_role,graph_entity_label,graph_entity_type,graph_include_candidate,study_doi,study_title,claim_type,clinical_context_condition,graph_exclusion_reason,outcome_type,outcome_domain,result_direction,outcome_measure,outcome_measure_normalized,population,system,authors,study_year,paper_type,source,source_type,source_family,paper_assessment_route,evidence_strength,support,confidence,needs_human_review,supporting_quote,access_level,evidence_location,evidence_locator,study_design,funding,conflicts_of_interest,risk_of_bias_summary,notes,study_journal,publication_type,publication_date,journal_issn,journal_eissn,publisher,language,trial_registry_ids,sample_size_total,comparator,intervention_or_exposure,dose,route,session_count_or_duration,timepoint,effect_size,p_value,confidence_interval,adverse_events,evidence_level,compound_match_type,entity_match_type,compound_registry_status,entity_registry_status,compound_ids,entity_ids,mesh_terms,keywords,funders,grant_ids
normalized,compound and graph entity matched local registry,S-ketamine,,Bipolar depression,S-ketamine,Bipolar depression,esketamine,,bipolar depression,bipolar depression,"useful drug in the treatment of bipolar depression, showing high efficacy and good tolerability",therapeutic_indication,Bipolar depression,indication,True,10.1192/j.eurpsy.2025.1046,Real clinical experience of inhaled esketamine in bipolar depression. A retrospective study,compound_disorder,not_applicable,not_applicable,therapeutic effect,overall therapeutic effect,positive,treatment efficacy,,patients with bipolar depression,clinical,S. Benavente López; A. Lara Fernández; E. Toro Carrasco; I. Pedrero Torrejon; A. Parra González; M. Mejia Quiterio; A. Viñas Arboleda; E. Losantos Ucha; E. Baca García,2025,primary_results,doi,primary_study,original_empirical,primary_evidence,uncertain,supported,1.0,False,"This study shows that inhaled esktemina may be a useful drug in the treatment of bipolar depression, showing high efficacy and good tolerability.",full_text_seen,abstract,abstract,Retrospective descriptive study,not_reported,None Declared,not_reported,Projected from extraction_v1; support=supported; confidence=1.0; needs_human_review=False,European Psychiatry,journal-article,2025-04,0924-9338,1778-3585,Royal College of Psychiatrists,en,not_reported,3,not_reported,inhaled esketamine,not_reported,inhaled,not_reported,not_reported,,,,good tolerability,low,alias,label,needs_external_id_lookup,needs_external_id_lookup,{},{},,,,
normalized,compound and graph entity matched local registry,MDMA,,Major depressive disorder,MDMA,Major depressive disorder,MDMA,,Major Depressive Disorder,Major Depressive Disorder,significant reduction of MADRS scores,outcome_measure,Major depressive disorder,indication,True,10.1016/j.jpsychires.2025.11.030,MDMA-assisted therapy for major depressive disorder: A seven-month follow-up proof of principle trial,compound_disorder,Major Depressive Disorder,not_reported,clinical_scale,depression,positive,Montgomery-Asberg Depression Rating Scale (MADRS),MADRS,participants with MDD and an ongoing moderate to severe depressive episode,clinical,Tor-Morten Kvam; Justyna Rog; Lowan Han Stewart; Ingrid Autran; Mark Berthold-Losleben; Lynn Mørch-Johnsen; René Holst; Jan Ivar Røssberg; Ole A. Andreassen,2025,primary_results,doi,primary_study,original_empirical,primary_evidence,uncertain,supported,1.0,False,"At follow-up, there was a significant reduction of MADRS (p < 0.001) and SDS (p = 0.001) scores compared with baseline",abstract_only,abstract,abstract,follow-up proof of principle trial,not_reported,not_reported,not_reported,Projected from extraction_v1; support=supported; confidence=1.0; needs_human_review=False,Journal of Psychiatric Research,journal-article,2025-11-27,0022-3956,1879-1379,Elsevier BV,eng,2021-000805-26,Twelve participants,baseline,MDMA-assisted therapy (MDMA-AT),not_reported,not_reported,"two MDMA dosing sessions one month apart, integrated with nine psychotherapy sessions",seven months after baseline,,,,not_reported,low,label,label,needs_external_id_lookup,needs_external_id_lookup,{},{},"Humans | Major Depressive Disorder / therapy | Major Depressive Disorder / drug therapy | Female | Male | Adult | Follow-Up Studies | N-Methyl-3,4-methylenedioxyamphetamine / administration & dosage | N-Methyl-3,4-methylenedioxyamphetamine / pharmacology | Middle Aged | Outcome Assessment, Health Care | Proof of Concept Study | Psychotherapy / methods | Combined Modality Therapy | Psychiatric Status Rating Scales",Long-term follow-up | MDMA | MDMA-Assisted therapy | Major depressive disorder,,
normalized,compound and graph entity matched local registry,Ketamine,,Treatment-resistant depression,Ketamine,Treatment-resistant depression,ketamine,,treatment-resistant depression,treatment-resistant depression,rapid antidepressant effect,therapeutic_indication,Treatment-resistant depression,indication,True,10.1016/j.psychres.2018.08.078,"Rapid inflammation modulation and antidepressant efficacy of a low-dose ketamine infusion in treatment-resistant depression: A randomized, double-blind control study",compound_disorder,treatment-resistant depression,not_reported,therapeutic effect,depressive symptoms,positive,Montgomery-Åsberg Depression Rating Scale (MADRS) scores,MADRS,patients with TRD,clinical,Mu-Hong Chen; Cheng-Ta Li; Wei-Chen Lin; Chen-Jee Hong; Pei-Chi Tu; Ya-Mei Bai; Chih-Ming Cheng; Tung-Ping Su,2018,primary_results,doi,primary_study,original_empirical,primary_evidence,uncertain,supported,1.0,False,Increasing evidence supports the rapid antidepressant effect of a low-dose ketamine infusion in treatment-resistant depression (TRD). ... Montgomery-Åsberg Depression Rating Scale (MADRS) was assessed for depressive symptoms across time. ... The decrease in TNF-α between baseline and 40 min postinfusion was positively correlated with a decrease in MADRS scores across time in the 0.5 mg/kg ketamine group.,abstract_only,abstract,abstract,"randomized, double-blind control study",not_reported,not_reported,not_reported,Projected from extraction_v1; support=supported; confidence=1.0; needs_human_review=False,Psychiatry Research,journal-article,2018-08-21,0165-1781,1872-7123,Elsevier BV,eng,not_reported,Seventy-one patients,normal saline infusion,low-dose ketamine infusion,"0.5 mg/kg ketamine, 0.2 mg/kg ketamine",infusion,single infusion,"40 min, 240 min, Day 3, and Day 7 postinfusion",,,,not_reported,high,label,label,needs_external_id_lookup,needs_external_id_lookup,{},{},"Adult | Antidepressive Agents / administration & dosage | Depressive Disorder, Treatment-Resistant / blood | Depressive Disorder, Treatment-Resistant / drug therapy | Dose-Response Relationship, Drug | Double-Blind Method | Female | Humans | Inflammation / blood | Inflammation / drug therapy | Inflammation Mediators / antagonists & inhibitors | Inflammation Mediators / blood | Infusions, Intravenous | Ketamine / administration & dosage | Male | Middle Aged | Time Factors | Treatment Outcome | Tumor Necrosis Factor-alpha / antagonists & inhibitors | Tumor Necrosis Factor-alpha / blood",CRP | Cytokines | IL-6 | Ketamine | TNF-α | Treatment-resistant depression,,
normalized,compound and graph entity matched local registry,Ketamine,,Treatment-resistant depression,Ketamine,Treatment-resistant depression,ketamine,,treatment-resistant depression,treatment-resistant depression,rapid antidepressant effects,therapeutic_indication,Treatment-resistant depression,indication,True,10.1017/s1461145713001119,Plasma brain derived neurotrophic factor (BDNF) and response to ketamine in treatment-resistant depression,compound_disorder,treatment-resistant depression,not_reported,therapeutic effect,depression symptoms,positive,antidepressant effects,,patients with treatment-resistant depression (TRD),clinical,C. N. Haile; J. W. Murrough; D. V. Iosifescu; L. C. Chang; R. K. Al Jurdi; A. Foulkes; S. Iqbal; J. J. Mahoney; R. De La Garza; D. S. Charney,2013,primary_results,doi,primary_study,original_empirical,primary_evidence,uncertain,supported,1.0,False,Ketamine produces rapid antidepressant effects in treatment-resistant depression (TRD),abstract_only,abstract,abstract,randomized controlled trial,NIMH NIH HHS | NCATS NIH HHS | NIDA NIH HHS,not_reported,not_reported,Projected from extraction_v1; support=supported; confidence=1.0; needs_human_review=False,The International Journal of Neuropsychopharmacology,journal-article,2013-10-08,1461-1457,1469-5111,Oxford University Press (OUP),eng,,22,midazolam,ketamine,not_reported,infusion,single infusion,rapid,,,,not_reported,high,label,label,needs_external_id_lookup,needs_external_id_lookup,{},{},"Adult | Aged | Aged, 80 and over | Biomarkers / blood | Brain-Derived Neurotrophic Factor / blood | Depressive Disorder, Treatment-Resistant / blood | Depressive Disorder, Treatment-Resistant / diagnosis | Depressive Disorder, Treatment-Resistant / drug therapy | Double-Blind Method | Female | Humans | Ketamine / therapeutic use | Male | Midazolam / therapeutic use | Middle Aged | Treatment Outcome | Young Adult",,NIMH NIH HHS | NCATS NIH HHS | NIDA NIH HHS,K23 MH094707 | R01MH081870 | R01 MH081870 | 1K23MH094707-01 | UL1 TR000067 | R25 DA028976 | UL1TR000067
normalized,compound and graph entity matched local registry,LSD,,Alcohol use disorder,LSD,Alcohol use disorder,LSD,,Alcohol Use Disorder,Alcohol Use Disorder,alcohol intake,outcome_measure,Alcohol use disorder,indication,True,10.1093/ijnp/pyae059.125,BEHAVIORAL AND ELECTROPHYSIOLOGICAL EFFECTS OF LYSERGIC ACID DIETHYLAMIDE (LSD) IN A MOUSE MODEL OF ALCOHOL USE DISORDER (AUD),compound_disorder,Alcohol Use Disorder (AUD),not_applicable,behavioral,Substance Use,positive,alcohol intake,,C57BL6/J 8-week-old male mice (AUD model),preclinical,*Danilo De Gregorio; Carolina Giulia Ferroni; Noemi Nicosia; Margherita Spadaccini,2025,primary_results,doi,primary_study,original_empirical,primary_evidence,uncertain,supported,1.0,False,LSD significantly reduced the alcohol intake (p<0.05),full_text_seen,abstract,"Abstract, Results",animal model (DID paradigm),not_reported,not_reported,not_reported,Projected from extraction_v1; support=supported; confidence=1; needs_human_review=False,International Journal of Neuropsychopharmacology,journal-article,2025-02,1461-1457,1469-5111,Oxford University Press (OUP),en,not_reported,not_reported,vehicle,single intraperitoneal injection of LSD,150 mcg/kg,intraperitoneal,single administration,The day after the injections (40 days two-bottle choice test),,,,not_reported,low,label,label,needs_external_id_lookup,needs_external_id_lookup,{},{},,,,
normalized,compound and graph entity matched local registry,Ketamine,,Suicidal ideation,Ketamine,Suicidal ideation,ketamine,,suicidal ideation,suicidal ideation,suicidal ideation (using MADRS-SI scores),therapeutic_indication,Suicidal ideation,indication,True,10.1093/ijnp/pyw043.222,PS222. Ketamine Exerts a Prolonged Reduction in Suicidal Ideation Independent of its Antidepressant Effects,compound_disorder,treatment-resistant major depressive disorder,not_reported,therapeutic_effect,psychiatric symptoms,positive,MADRS-SI scores,MADRS-SI,patients with treatment-resistant major depressive disorder (MDD),clinical,Jennifer L. Phillips; Sandhaya Norris; Jeanne Talbot; Olabisi Owoeye; Pierre Blier,2016,conference_abstract,doi,conference_abstract,conference_abstract,primary_evidence,uncertain,supported,0.9,True,"Both groups had significant reductions in MADRS-SI scores (responders -1.9, p<0.001; nonresponders -1.6, p<0.001) and the difference in the magnitude of change in MADRS-SI scores between groups was not statistically significant (p=0.44). Conclusions: Ketamine had a direct effect on lessening suicidal ideation even in patients who failed to show a reduction in depression severity with repeated infusions.",full_text_seen,text,C002,randomized controlled trial,not_reported,not_reported,not_reported,Projected from extraction_v1; support=supported; confidence=0.9; needs_human_review=True,The International Journal of Neuropsychopharmacology,article,2016-05-27,1461-1457,1469-5111,University of Oxford,en,not_reported,19,midazolam (active placebo) in Phase 1,ketamine infusions,not_reported,intravenous,"7 infusions (1 in Phase 1, 6 over two weeks in Phase 2)",pre-and post-treatment,,,,not_reported,high,label,label,needs_external_id_lookup,needs_external_id_lookup,{},{},,Antidepressant | Ketamine | Suicidal ideation | Psychology | Clinical psychology | Medicine | Psychiatry | Suicide prevention | Poison control | Medical emergency | Anxiety,,
normalized,compound and graph entity matched local registry,Ketamine,,Major depressive disorder,Ketamine,Major depressive disorder,ketamine,,major depressive disorder,major depressive disorder,depressive symptoms (using the Montgomery-Asberg Depression Rating Scale [MADRS]),therapeutic_indication,Major depressive disorder,indication,True,10.1093/ijnp/pyw043.222,PS222. Ketamine Exerts a Prolonged Reduction in Suicidal Ideation Independent of its Antidepressant Effects,compound_disorder,treatment-resistant,not_reported,therapeutic_effect,psychiatric symptoms,positive,Montgomery-Asberg Depression Rating Scale [MADRS] scores,MADRS,patients with treatment-resistant major depressive disorder (MDD),clinical,Jennifer L. Phillips; Sandhaya Norris; Jeanne Talbot; Olabisi Owoeye; Pierre Blier,2016,conference_abstract,doi,conference_abstract,conference_abstract,primary_evidence,uncertain,supported,0.9,True,The primary outcome measures were pre-and post-treatment changes in depressive symptoms (using the Montgomery-Asberg Depression Rating Scale [MADRS]). Results: Patients with a 50% decrease in total MADRS scores from pre-to post-treatment were considered ketamine responders. Responders (n = 10) had a larger reduction in MADRS scores (62%) compared to nonresponders (n = 9; 17%) (p<0.001).,full_text_seen,text,C002,randomized controlled trial,not_reported,not_reported,not_reported,Projected from extraction_v1; support=supported; confidence=0.9; needs_human_review=True,The International Journal of Neuropsychopharmacology,article,2016-05-27,1461-1457,1469-5111,University of Oxford,en,not_reported,19,midazolam (active placebo) in Phase 1,ketamine infusions,not_reported,intravenous,"7 infusions (1 in Phase 1, 6 over two weeks in Phase 2)",pre-and post-treatment,,,,not_reported,high,label,label,needs_external_id_lookup,needs_external_id_lookup,{},{},,Antidepressant | Ketamine | Suicidal ideation | Psychology | Clinical psychology | Medicine | Psychiatry | Suicide prevention | Poison control | Medical emergency | Anxiety,,
normalized,compound and graph entity matched local registry,Ketamine,,Suicidal ideation,Ketamine,Suicidal ideation,Ketamine,,Suicidal ideation,Suicidal ideation,suicidal thought reduction,therapeutic_indication,Suicidal ideation,indication,True,10.1016/j.jad.2017.04.057,Anhedonia as a clinical correlate of suicidal thoughts in clinical ketamine trials,compound_disorder,treatment-resistant major depressive disorder or bipolar disorder,not_applicable,symptom reduction,psychiatric symptoms,positive,suicidal ideation (SSI5 subscale),,treatment-resistant patients with either major depressive disorder (MDD) or bipolar disorder (BD),clinical,Elizabeth D. Ballard; Kathleen Wills; Níall Lally; Erica M. Richards; David A. Luckenbaugh; Tessa Walls; Rezvan Ameli; Mark J. Niciu; Nancy E. Brutsche; Lawrence Park,2017,primary_results,doi,primary_study,original_empirical,primary_evidence,uncertain,supported,0.9,False,"One day post-ketamine administration, improvements on the SHAPS accounted for an additional 13% of the variance in suicidal thought reduction, beyond the influence of depressive symptoms.",abstract_only,abstract,abstract,post-hoc analysis of clinical trials,Intramural NIH HHS,not_reported,not_reported,Projected from extraction_v1; support=supported; confidence=0.9; needs_human_review=False,Journal of Affective Disorders,journal-article,2017-04-24,0165-0327,1573-2517,Elsevier BV,eng,not_reported,not_reported,not_reported,ketamine administration,not_reported,not_reported,not_reported,one day post-ketamine administration,,,,not_reported,low,label,label,needs_external_id_lookup,needs_external_id_lookup,{},{},"Adult | Anesthetics, Dissociative / pharmacology | Anhedonia / drug effects | Bipolar Disorder / drug therapy | Bipolar Disorder / psychology | Depression / psychology | Major Depressive Disorder / drug therapy | Major Depressive Disorder / psychology | Female | Humans | Ketamine / pharmacology | Male | Middle Aged | Psychiatric Status Rating Scales | Suicidal Ideation",Anhedonia | Depression | Ketamine | RDoC | Suicide,Intramural NIH HHS,Z99 MH999999
normalized,compound and graph entity matched local registry,Ketamine,,Suicidal ideation,Ketamine,Suicidal ideation,Ketamine,,Suicidal ideation,Suicidal ideation,suicidality,therapeutic_indication,Suicidal ideation,indication,True,10.1016/j.psychres.2021.114212,Relationships between reduction in symptoms and restoration of function and wellbeing: Outcomes of the Oral Ketamine Trial on Suicidality (OKTOS),compound_disorder,chronic suicidality,not_applicable,symptom reduction,Mental Health,positive,Beck Scale for Suicidal ideation (BSS),,adults with chronic suicidality,clinical,Denise Beaudequin; Adem T. Can; Monique Jones; Cian Yang; Jennifer K. Scherman; Megan Dutton; Paul Schwenn; Cyrana Gallay Grace Forsyth; Emma Jensen; Daniel F. Hermens,2021,primary_results,doi,primary_study,original_empirical,primary_evidence,uncertain,supported,1.0,False,Oral ketamine rapidly reduces suicidality and depression,abstract_only,abstract,abstract,clinical trial,not_reported,not_reported,not_reported,Projected from extraction_v1; support=supported; confidence=1.0; needs_human_review=False,Psychiatry Research,journal-article,2021-09-20,0165-1781,1872-7123,Elsevier BV,eng,not_reported,Thirty adults,not_reported,Oral ketamine,not_reported,Oral,over 10 weeks,not_reported,,,,not_reported,low,label,label,needs_external_id_lookup,needs_external_id_lookup,{},{},Adult | Antidepressive Agents / therapeutic use | Major Depressive Disorder / drug therapy | Humans | Ketamine / therapeutic use | Recovery of Function | Suicidal Ideation | Suicide,Antidepressant clinical trials | Antidepressant treatment | Chronic suicidality | Depression | Oral ketamine | Social and occupational functioning | Wellbeing,,
normalized,compound and graph entity matched local registry,Ketamine,,Post-traumatic stress disorder,Ketamine,Post-traumatic stress disorder,Ketamine,,Post Traumatic Stress Disorder,Post Traumatic Stress Disorder,post traumatic stress disorder (PTSD),therapeutic_indication,Post-traumatic stress disorder,indication,True,10.1101/2023.01.11.23284248,"Ketamine-assisted psychotherapy provides lasting and effective results in the treatment of depression, anxiety and post traumatic stress disorder at 3 and 6 months: Findings from a large single-arm retrospective effectiveness trial",compound_disorder,treatment resistant affective disorders,not_applicable,clinical_outcome,Mental Health,positive,"PCL-6 scores, PTSD case rate, minimal clinically important difference (MCID)",PCL-6,"1806 adults with a history of depression, anxiety, or PTSD who had not responded to prior treatment interventions",clinical,Ryan Yermus; Michael Verbora; Sidney Kennedy; Robert McMaster; Sarah Kratina; Elizabeth Wolfson; Ben Medrano; Nathan Bryson; Nabid Zaer; John Bottos,2023,preprint,doi,primary_study,original_empirical,primary_evidence,uncertain,supported,0.8,True,"Large treatment effects were detected at 3 months (d’s=0.75-0.86) that were sustained at 6 months. Case reductions (identified based on cut-off values) ranged from 39-41% at 3 months and 29-37% at 6 months. 50-75% reported a minimal clinically important difference at 3 months and 48-70% at 6 months. CONCLUSIONS AND RELEVANCE KAP produced sustained reductions in anxiety, depression, and PTSD... There was a reduction on the PCL at 1 month, d=0.38, which was amplified at 3 months, d=0.75, and remained detectable at 6 months, d=0.61. In the 299 patients who provided a 3-month PCL assessment, the PTSD case rate dropped from 84% at baseline to 45% at 3 months. In the 299 patients who provided a 3-month PCL assessment, 50% reported a 5-point MCID compared to baseline.",full_text_seen,abstract,"Abstract, C008, C010, C011",retrospective single-arm effectiveness trial,not_reported,not_reported,not_reported,Projected from extraction_v1; support=supported; confidence=0.8; needs_human_review=True,medRxiv,posted-content,2023-01-17,,,openRxiv,,NCT05604794,1806 (overall); 299 (3-month PCL assessment); 69 (6-month PCL assessment),not_reported,Ketamine-Assisted Psychotherapy (KAP),"Mean 4 doses (SD=3); IM: initial 25-35mg, titrate to 50-70mg, up to 100mg; Sublingual: initial 200mg, increase by 50-100mg per visit up to 500mg",intramuscular injection or sublingual lozenge,4-6 guided ketamine sessions; mean 3 psychotherapy sessions (SD=2),"1, 3, and 6 months post treatment",,,,not_reported,low,label,label,needs_external_id_lookup,needs_external_id_lookup,{},{},,,,
normalized,compound and graph entity matched local registry,Ketamine,,Treatment-resistant depression,Ketamine,Treatment-resistant depression,ketamine,,treatment-resistant depression,treatment-resistant depression,severe depressive symptomatology,symptom_or_problem,Treatment-resistant depression,indication,True,10.1136/bcr-2016-216088,New use for an old drug: oral ketamine for treatment-resistant depression,compound_disorder,treatment-resistant depression,not_applicable,symptom_reduction,mood,positive,severe depressive symptomatology,,"62-year-old man with treatment-resistant depression, severe malnutrition, and hepatic dysfunction",clinical,Kevin M Swiatek; Kim Jordan; Julie Coffman,2016,case_report,doi,case_report,original_empirical,primary_evidence,uncertain,supported,0.9,False,"Following discussion with the patient and family, oral ketamine 0.25 mg/kg was added in an attempt to provide rapid relief from severe depressive symptomatology.",full_text_seen,text,C003,Case report,not_reported,not_reported,not_reported,Projected from extraction_v1; support=supported; confidence=0.9; needs_human_review=False,BMJ Case Reports,journal-article,2016-08-03,1757-790X,1757-790X,BMJ,eng,NCT00088699,1,not_applicable,oral ketamine,0.25 mg/kg (reduced to 5 mg),oral,initial administration,initial administration,,,,not_reported,low,label,label,needs_external_id_lookup,needs_external_id_lookup,{},{},"Administration, Oral | Antidepressive Agents / administration & dosage | Depressive Disorder, Treatment-Resistant / drug therapy | Excitatory Amino Acid Antagonists / administration & dosage | Humans | Inpatients | Ketamine / administration & dosage | Male | Middle Aged | Off-Label Use | Receptors, N-Methyl-D-Aspartate / antagonists & inhibitors",,,
normalized,compound and graph entity matched local registry,5-MeO-DMT,,Treatment-resistant depression,5-MeO-DMT,Treatment-resistant depression,BPL-003 (5-MeO-DMT),,Treatment-resistant depression,Treatment-resistant depression,reductions in depressive symptoms as measured by the Montgomery–Åsberg Depression Rating Scale,outcome_measure,Treatment-resistant depression,indication,True,10.20471/dec.2025.61.03.09,BPL-003,compound_disorder,Treatment-resistant depression (TRD),none,Efficacy,Depressive symptoms,positive,Montgomery–Åsberg Depression Rating Scale (MADRS) score reduction,MADRS,patients with treatment-resistant depression (TRD),clinical,Vjekoslav Peitl; Darko Vlahović,2025,primary_results,doi,primary_study,original_empirical,primary_evidence,uncertain,supported,1.0,False,"In a Phase 2b randomized, controlled trial involving 193 patients with TRD, single doses of 8 mg and 12 mg BPL-003 produced rapid and statistically significant reductions in depressive symptoms as measured by the Montgomery–Åsberg Depression Rating Scale. Clinical improvement was evident as early as Day 2 and was sustained through Day 57, with the 8 mg dose demonstrating a favorable balance between efficacy and tolerability. The results were promising: both the 8 mg and 12 mg doses produced rapid and statistically significant improvements in MADRS scores. By Day 2, patients in the active dose groups had already shown substantial reductions in depressive symptoms compared to control. These effects persisted at Day 29 and were largely maintained through Day 57.",full_text_seen,abstract,"Abstract, C001, F001","randomized, controlled trial (Phase 2b)",not_reported,not_reported,not_reported,Projected from extraction_v1; support=supported; confidence=1.0; needs_human_review=False,Archives of Psychiatry Research,journal-article,2025-12-29,2671-1079,2671-2008,Sestre Milosrdnice University Hospital Center (KBC Sestre milosrdnice),,not_reported,193 patients,0.3 mg BPL-003 (control),BPL-003,"8 mg, 12 mg",intranasal,single dose,"Day 2, Day 29, Day 57",,,,not_reported,high,label,label,needs_external_id_lookup,needs_external_id_lookup,{},{},,,,
normalized,compound and graph entity matched local registry,S-ketamine,,Treatment-resistant depression,S-ketamine,Treatment-resistant depression,Esketamine,,Treatment-resistant depression,Treatment-resistant depression,remission,therapeutic_indication,Treatment-resistant depression,indication,True,10.1017/s1092852924002451,Esketamine nasal spray versus quetiapine XR in adults with treatment-resistant depression: a secondary analysis of the ESCAPE-TRD randomized clinical trial,compound_disorder,adults with treatment-resistant depression (TRD),not_applicable,Efficacy,Depression,positive,"Remission rate (MADRS total score 

≤ 10)",MADRS,adults with treatment-resistant depression (TRD),clinical,Roger S. McIntyre; Gregory Mattingly; Yordan Godinov; Jozefine Buyze; Ibrahim Turkoz; Patricia Cabrera; Manish Patel; Larry Martinez; Mai Himedan; Oliver Lopena,2025,primary_results,doi,primary_study,original_empirical,primary_evidence,uncertain,supported,1.0,False,"Among 636 patients in this secondary analysis (ESK, n = 316; quetiapine XR, n = 320), significantly more ESK-treated patients achieved remission starting at week 8 (28.3% versus 18.6%; P = 0.005) through week 32 (55.7% versus 36.3%; P < 0.001), compared with quetiapine XR-treated patients.",full_text_seen,abstract,C001,"randomized, open-label, rater-blinded phase 3b trial",not_reported,not_reported,not_reported,Projected from extraction_v1; support=supported; confidence=1.0; needs_human_review=False,CNS Spectrums,journal-article,2025-01-01,1092-8529,2165-6509,Cambridge University Press (CUP),eng,NCT04338321,636,Quetiapine extended-release (50-300 mg/day) in combination with an oral antidepressant,Esketamine nasal spray (56 or 84 mg) in combination with an oral antidepressant,56 or 84 mg,nasal spray,"twice weekly (weeks 1-4), weekly (weeks 5-8), weekly or once every two weeks (weeks 9-32)","week 8, week 32",,,,not_reported,high,alias,label,needs_external_id_lookup,needs_external_id_lookup,{},{},"Humans | Quetiapine Fumarate / administration & dosage | Quetiapine Fumarate / therapeutic use | Quetiapine Fumarate / adverse effects | Adult | Male | Female | Depressive Disorder, Treatment-Resistant / drug therapy | Ketamine / administration & dosage | Ketamine / therapeutic use | Ketamine / adverse effects | Middle Aged | Nasal Sprays | Antidepressive Agents / administration & dosage | Antidepressive Agents / therapeutic use | Young Adult | Adolescent | Antipsychotic Agents / administration & dosage | Antipsychotic Agents / therapeutic use | Treatment Outcome | Delayed-Action Preparations",Esketamine | major depressive disorder | quetiapine | remission | treatment-resistant depression,,
normalized,compound and graph entity matched local registry,S-ketamine,,Treatment-resistant depression,S-ketamine,Treatment-resistant depression,Esketamine,,Treatment-resistant depression,Treatment-resistant depression,response,therapeutic_indication,Treatment-resistant depression,indication,True,10.1017/s1092852924002451,Esketamine nasal spray versus quetiapine XR in adults with treatment-resistant depression: a secondary analysis of the ESCAPE-TRD randomized clinical trial,compound_disorder,adults with treatment-resistant depression (TRD),not_applicable,Efficacy,Depression,positive,"Response rate (≥50% improvement in MADRS total score or MADRS total score 

≤ 10)",MADRS,adults with treatment-resistant depression (TRD),clinical,Roger S. McIntyre; Gregory Mattingly; Yordan Godinov; Jozefine Buyze; Ibrahim Turkoz; Patricia Cabrera; Manish Patel; Larry Martinez; Mai Himedan; Oliver Lopena,2025,primary_results,doi,primary_study,original_empirical,primary_evidence,uncertain,supported,1.0,False,"A significantly higher percentage of patients from the ESK arm experienced response starting at week 2 (16.6% versus 8.4%, P = 0.002) and at every subsequent time point through week 32 (75.9% versus 55.0%, P < .001) (Figure 2A ) compared with the quetiapine XR arm.",full_text_seen,text,C006,"randomized, open-label, rater-blinded phase 3b trial",not_reported,not_reported,not_reported,Projected from extraction_v1; support=supported; confidence=1.0; needs_human_review=False,CNS Spectrums,journal-article,2025-01-01,1092-8529,2165-6509,Cambridge University Press (CUP),eng,NCT04338321,636,Quetiapine extended-release (50-300 mg/day) in combination with an oral antidepressant,Esketamine nasal spray (56 or 84 mg) in combination with an oral antidepressant,56 or 84 mg,nasal spray,"twice weekly (weeks 1-4), weekly (weeks 5-8), weekly or once every two weeks (weeks 9-32)","week 2, week 32",,,,not_reported,high,alias,label,needs_external_id_lookup,needs_external_id_lookup,{},{},"Humans | Quetiapine Fumarate / administration & dosage | Quetiapine Fumarate / therapeutic use | Quetiapine Fumarate / adverse effects | Adult | Male | Female | Depressive Disorder, Treatment-Resistant / drug therapy | Ketamine / administration & dosage | Ketamine / therapeutic use | Ketamine / adverse effects | Middle Aged | Nasal Sprays | Antidepressive Agents / administration & dosage | Antidepressive Agents / therapeutic use | Young Adult | Adolescent | Antipsychotic Agents / administration & dosage | Antipsychotic Agents / therapeutic use | Treatment Outcome | Delayed-Action Preparations",Esketamine | major depressive disorder | quetiapine | remission | treatment-resistant depression,,
normalized,compound and graph entity matched local registry,S-ketamine,,Treatment-resistant depression,S-ketamine,Treatment-resistant depression,esketamine,,treatment-resistant depression,treatment-resistant depression,"probability of a patient that was a ""non-responder"" to become a ""responder""",outcome_measure,Treatment-resistant depression,indication,True,10.1016/j.rpsm.2020.10.003,The probability of response after each subcutaneous injection of esketamine in treatment-resistant depression,compound_disorder,treatment-resistant depression,not_reported,efficacy,depressive symptoms,positive,response (decrease of at least 50% in the Montgomery-Åsberg Depression Rating Scale),MADRS,patients with TRD (unipolar and bipolar treatment-resistant depression),clinical,Victor Augusto Rodovalho Fava; Luciana Maria Sarin; Ana Cecília Lucchese; Lorena Del Sant; Eduardo Magalhães; Rodrigo Simonini Delfino; Marco Aurélio Tuena; Carolina Nakahira; Andrea Parolin Jackowski; Guilherme Abdo,2020,case_report,doi,primary_study,original_empirical,primary_evidence,uncertain,supported,1.0,False,"The probability of a patient that was a ""non-responder"" to become a ""responder"" following a SC injection of esketamine was 17.30%",abstract_only,abstract,abstract,retrospective analysis of a case series,not_reported,not_reported,not_reported,Projected from extraction_v1; support=supported; confidence=1; needs_human_review=False,Revista de Psiquiatría y Salud Mental,journal-article,2020-10-16,1888-9891,1989-4600,Elsevier BV,eng | spa,,70 patients,not_reported,esketamine,0.5-1.0mg/kg,subcutaneous (SC),"weekly, throughout four doses",24h after dose,,,,not_reported,low,alias,label,needs_external_id_lookup,needs_external_id_lookup,{},{},,Análisis de transición latente | Bipolar depression | Depresión bipolar | Depresión resistente al tratamiento | Esketamina | Esketamine | Latent transition analysis | Respuesta al tratamiento | Treatment response | Treatment-resistant depression,,
normalized,compound and graph entity matched local registry,S-ketamine,,Treatment-resistant depression,S-ketamine,Treatment-resistant depression,esketamine,,treatment-resistant depression,treatment-resistant depression,"probability of a patient that was a ""responder"" to remain as a ""responder""",outcome_measure,Treatment-resistant depression,indication,True,10.1016/j.rpsm.2020.10.003,The probability of response after each subcutaneous injection of esketamine in treatment-resistant depression,compound_disorder,treatment-resistant depression,not_reported,efficacy,depressive symptoms,positive,response (decrease of at least 50% in the Montgomery-Åsberg Depression Rating Scale),MADRS,patients with TRD (unipolar and bipolar treatment-resistant depression),clinical,Victor Augusto Rodovalho Fava; Luciana Maria Sarin; Ana Cecília Lucchese; Lorena Del Sant; Eduardo Magalhães; Rodrigo Simonini Delfino; Marco Aurélio Tuena; Carolina Nakahira; Andrea Parolin Jackowski; Guilherme Abdo,2020,case_report,doi,primary_study,original_empirical,primary_evidence,uncertain,supported,1.0,False,"The probability of a patient that was a ""responder"" to remain as a ""responder"" was 95%.",abstract_only,abstract,abstract,retrospective analysis of a case series,not_reported,not_reported,not_reported,Projected from extraction_v1; support=supported; confidence=1; needs_human_review=False,Revista de Psiquiatría y Salud Mental,journal-article,2020-10-16,1888-9891,1989-4600,Elsevier BV,eng | spa,,70 patients,not_reported,esketamine,0.5-1.0mg/kg,subcutaneous (SC),"weekly, throughout four doses",24h after dose,,,,not_reported,low,alias,label,needs_external_id_lookup,needs_external_id_lookup,{},{},,Análisis de transición latente | Bipolar depression | Depresión bipolar | Depresión resistente al tratamiento | Esketamina | Esketamine | Latent transition analysis | Respuesta al tratamiento | Treatment response | Treatment-resistant depression,,
normalized,compound and graph entity matched local registry,Psilocybin,,Alcohol use disorder,Psilocybin,Alcohol use disorder,Psilocybin,,Alcohol use disorder,Alcohol use disorder,reducing alcohol cravings,symptom_or_problem,Alcohol use disorder,indication,True,10.1037/adb0000935,Reports of self-compassion and affect regulation in psilocybin-assisted therapy for alcohol use disorder: An interpretive phenomenological analysis.,compound_disorder,Alcohol use disorder (AUD),not_applicable,therapeutic_effect,Substance Use,positive,alcohol cravings,,"Participants (N = 13) mostly identified as non-Hispanic and White, with approximately equal proportions of cisgender men and women.",clinical,Gabrielle Agin-Liebes; Elizabeth M. Nielson; Michael Zingman; Katherine Kim; Alexandra Haas; Lindsey T. Owens; Ursula Rogers; Michael Bogenschutz,2023,primary_results,doi,primary_study,original_empirical,primary_evidence,uncertain,supported,1.0,False,"Our results support the assertion that psilocybin increases the malleability of self-related processing, and diminishes shame-based and self-critical thought patterns while improving affect regulation and reducing alcohol cravings.",abstract_only,abstract,abstract,randomized controlled trial,NIDA NIH HHS | NIH HHS,not_reported,not_reported,Projected from extraction_v1; support=supported; confidence=1.0; needs_human_review=False,Psychology of Addictive Behaviors,journal-article,2023-06-05,0893-164X,1939-1501,American Psychological Association (APA),eng,NCT02061293,N = 13,not_reported,psilocybin-assisted psychotherapy,not_reported,not_reported,not_reported,not_reported,,,,not_reported,high,label,label,needs_external_id_lookup,needs_external_id_lookup,{},{},Female | Humans | Male | Alcoholism / drug therapy | Emotions | Hallucinogens / therapeutic use | Psilocybin / therapeutic use | Self-Compassion | Qualitative Research | Randomized Controlled Trials as Topic,,NIDA NIH HHS | NIH HHS,T32 DA007233 | T32 DA007250
normalized,compound and graph entity matched local registry,Psilocybin,,Alcohol use disorder,Psilocybin,Alcohol use disorder,Psilocybin,,Alcohol use disorder,Alcohol use disorder,diminishes shame-based and self-critical thought patterns,symptom_or_problem,Alcohol use disorder,indication,True,10.1037/adb0000935,Reports of self-compassion and affect regulation in psilocybin-assisted therapy for alcohol use disorder: An interpretive phenomenological analysis.,compound_disorder,Alcohol use disorder (AUD),not_applicable,therapeutic_effect,Cognition/Psychological Processes,positive,shame-based and self-critical thought patterns,,"Participants (N = 13) mostly identified as non-Hispanic and White, with approximately equal proportions of cisgender men and women.",clinical,Gabrielle Agin-Liebes; Elizabeth M. Nielson; Michael Zingman; Katherine Kim; Alexandra Haas; Lindsey T. Owens; Ursula Rogers; Michael Bogenschutz,2023,primary_results,doi,primary_study,original_empirical,primary_evidence,uncertain,supported,1.0,False,"Our results support the assertion that psilocybin increases the malleability of self-related processing, and diminishes shame-based and self-critical thought patterns while improving affect regulation and reducing alcohol cravings.",abstract_only,abstract,abstract,randomized controlled trial,NIDA NIH HHS | NIH HHS,not_reported,not_reported,Projected from extraction_v1; support=supported; confidence=1.0; needs_human_review=False,Psychology of Addictive Behaviors,journal-article,2023-06-05,0893-164X,1939-1501,American Psychological Association (APA),eng,NCT02061293,N = 13,not_reported,psilocybin-assisted psychotherapy,not_reported,not_reported,not_reported,not_reported,,,,not_reported,high,label,label,needs_external_id_lookup,needs_external_id_lookup,{},{},Female | Humans | Male | Alcoholism / drug therapy | Emotions | Hallucinogens / therapeutic use | Psilocybin / therapeutic use | Self-Compassion | Qualitative Research | Randomized Controlled Trials as Topic,,NIDA NIH HHS | NIH HHS,T32 DA007233 | T32 DA007250
