normalization_status,normalization_notes,compound,target,disorder,canonical_compound,canonical_entity,compound_original,target_original,disorder_original,graph_entity_original,raw_entity_label,entity_role,graph_entity_label,graph_entity_type,graph_include_candidate,study_doi,study_title,claim_type,clinical_context_condition,graph_exclusion_reason,outcome_type,outcome_domain,result_direction,outcome_measure,population,system,authors,study_year,paper_type,source,source_type,source_family,paper_assessment_route,evidence_strength,support,confidence,needs_human_review,supporting_quote,access_level,evidence_location,evidence_locator,study_design,funding,conflicts_of_interest,risk_of_bias_summary,notes,study_journal,publication_type,trial_registry_ids,publication_date,publisher,sample_size_total,comparator,intervention_or_exposure,dose,route,session_count_or_duration,timepoint,effect_size,p_value,confidence_interval,adverse_events,evidence_level,compound_match_type,entity_match_type,compound_registry_status,entity_registry_status,compound_ids,entity_ids,journal_issn,journal_eissn,mesh_terms,language,keywords,funders,grant_ids
normalized,compound and graph entity matched local registry,Ketamine,,Post-traumatic stress disorder,Ketamine,Post-traumatic stress disorder,Ketamine,,Post Traumatic Stress Disorder,Post Traumatic Stress Disorder,post traumatic stress disorder (PTSD),therapeutic_indication,Post-traumatic stress disorder,indication,True,10.1101/2023.01.11.23284248,"Ketamine-assisted psychotherapy provides lasting and effective results in the treatment of depression, anxiety and post traumatic stress disorder at 3 and 6 months: Findings from a large single-arm retrospective effectiveness trial",compound_disorder,treatment resistant affective disorders,not_applicable,clinical_outcome,Mental Health,positive,"PCL-6 scores, PTSD case rate, minimal clinically important difference (MCID)","1806 adults with a history of depression, anxiety, or PTSD who had not responded to prior treatment interventions",clinical,Ryan Yermus; Michael Verbora; Sidney Kennedy; Robert McMaster; Sarah Kratina; Elizabeth Wolfson; Ben Medrano; Nathan Bryson; Nabid Zaer; John Bottos,2023,preprint,doi,primary_study,original_empirical,primary_evidence,uncertain,supported,0.8,True,"Large treatment effects were detected at 3 months (d’s=0.75-0.86) that were sustained at 6 months. Case reductions (identified based on cut-off values) ranged from 39-41% at 3 months and 29-37% at 6 months. 50-75% reported a minimal clinically important difference at 3 months and 48-70% at 6 months. CONCLUSIONS AND RELEVANCE KAP produced sustained reductions in anxiety, depression, and PTSD... There was a reduction on the PCL at 1 month, d=0.38, which was amplified at 3 months, d=0.75, and remained detectable at 6 months, d=0.61. In the 299 patients who provided a 3-month PCL assessment, the PTSD case rate dropped from 84% at baseline to 45% at 3 months. In the 299 patients who provided a 3-month PCL assessment, 50% reported a 5-point MCID compared to baseline.",full_text_seen,abstract,"Abstract, C008, C010, C011",retrospective single-arm effectiveness trial,not_reported,not_reported,not_reported,Projected from extraction_v1; support=supported; confidence=0.8; needs_human_review=True,medRxiv,posted-content,NCT05604794,2023-01-17,openRxiv,1806 (overall); 299 (3-month PCL assessment); 69 (6-month PCL assessment),not_reported,Ketamine-Assisted Psychotherapy (KAP),"Mean 4 doses (SD=3); IM: initial 25-35mg, titrate to 50-70mg, up to 100mg; Sublingual: initial 200mg, increase by 50-100mg per visit up to 500mg",intramuscular injection or sublingual lozenge,4-6 guided ketamine sessions; mean 3 psychotherapy sessions (SD=2),"1, 3, and 6 months post treatment",,,,not_reported,low,label,label,needs_external_id_lookup,needs_external_id_lookup,{},{},,,,,,,
normalized,compound and graph entity matched local registry,Ketamine,,Treatment-resistant depression,Ketamine,Treatment-resistant depression,ketamine,,treatment-resistant depression,treatment-resistant depression,severe depressive symptomatology,symptom_or_problem,Treatment-resistant depression,indication,True,10.1136/bcr-2016-216088,New use for an old drug: oral ketamine for treatment-resistant depression,compound_disorder,treatment-resistant depression,not_applicable,symptom_reduction,mood,positive,severe depressive symptomatology,"62-year-old man with treatment-resistant depression, severe malnutrition, and hepatic dysfunction",clinical,Kevin M Swiatek; Kim Jordan; Julie Coffman,2016,case_report,doi,case_report,original_empirical,primary_evidence,uncertain,supported,0.9,False,"Following discussion with the patient and family, oral ketamine 0.25 mg/kg was added in an attempt to provide rapid relief from severe depressive symptomatology.",full_text_seen,text,C003,Case report,not_reported,not_reported,not_reported,Projected from extraction_v1; support=supported; confidence=0.9; needs_human_review=False,BMJ Case Reports,journal-article,NCT00088699,2016-08-03,BMJ,1,not_applicable,oral ketamine,0.25 mg/kg (reduced to 5 mg),oral,initial administration,initial administration,,,,not_reported,low,label,label,needs_external_id_lookup,needs_external_id_lookup,{},{},1757-790X,1757-790X,"Administration, Oral | Antidepressive Agents / administration & dosage | Depressive Disorder, Treatment-Resistant / drug therapy | Excitatory Amino Acid Antagonists / administration & dosage | Humans | Inpatients | Ketamine / administration & dosage | Male | Middle Aged | Off-Label Use | Receptors, N-Methyl-D-Aspartate / antagonists & inhibitors",eng,,,
normalized,compound and graph entity matched local registry,5-MeO-DMT,,Treatment-resistant depression,5-MeO-DMT,Treatment-resistant depression,BPL-003 (5-MeO-DMT),,Treatment-resistant depression,Treatment-resistant depression,reductions in depressive symptoms as measured by the Montgomery–Åsberg Depression Rating Scale,outcome_measure,Treatment-resistant depression,indication,True,10.20471/dec.2025.61.03.09,BPL-003,compound_disorder,Treatment-resistant depression (TRD),none,Efficacy,Depressive symptoms,positive,Montgomery–Åsberg Depression Rating Scale (MADRS) score reduction,patients with treatment-resistant depression (TRD),clinical,Vjekoslav Peitl; Darko Vlahović,2025,primary_results,doi,primary_study,original_empirical,primary_evidence,uncertain,supported,1.0,False,"In a Phase 2b randomized, controlled trial involving 193 patients with TRD, single doses of 8 mg and 12 mg BPL-003 produced rapid and statistically significant reductions in depressive symptoms as measured by the Montgomery–Åsberg Depression Rating Scale. Clinical improvement was evident as early as Day 2 and was sustained through Day 57, with the 8 mg dose demonstrating a favorable balance between efficacy and tolerability. The results were promising: both the 8 mg and 12 mg doses produced rapid and statistically significant improvements in MADRS scores. By Day 2, patients in the active dose groups had already shown substantial reductions in depressive symptoms compared to control. These effects persisted at Day 29 and were largely maintained through Day 57.",full_text_seen,abstract,"Abstract, C001, F001","randomized, controlled trial (Phase 2b)",not_reported,not_reported,not_reported,Projected from extraction_v1; support=supported; confidence=1.0; needs_human_review=False,Archives of Psychiatry Research,journal-article,not_reported,2025-12-29,Sestre Milosrdnice University Hospital Center (KBC Sestre milosrdnice),193 patients,0.3 mg BPL-003 (control),BPL-003,"8 mg, 12 mg",intranasal,single dose,"Day 2, Day 29, Day 57",,,,not_reported,high,label,label,needs_external_id_lookup,needs_external_id_lookup,{},{},2671-1079,2671-2008,,,,,
normalized,compound and graph entity matched local registry,S-ketamine,,Treatment-resistant depression,S-ketamine,Treatment-resistant depression,Esketamine,,Treatment-resistant depression,Treatment-resistant depression,remission,therapeutic_indication,Treatment-resistant depression,indication,True,10.1017/s1092852924002451,Esketamine nasal spray versus quetiapine XR in adults with treatment-resistant depression: a secondary analysis of the ESCAPE-TRD randomized clinical trial,compound_disorder,adults with treatment-resistant depression (TRD),not_applicable,Efficacy,Depression,positive,"Remission rate (MADRS total score 

≤ 10)",adults with treatment-resistant depression (TRD),clinical,Roger S. McIntyre; Gregory Mattingly; Yordan Godinov; Jozefine Buyze; Ibrahim Turkoz; Patricia Cabrera; Manish Patel; Larry Martinez; Mai Himedan; Oliver Lopena,2025,primary_results,doi,primary_study,original_empirical,primary_evidence,uncertain,supported,1.0,False,"Among 636 patients in this secondary analysis (ESK, n = 316; quetiapine XR, n = 320), significantly more ESK-treated patients achieved remission starting at week 8 (28.3% versus 18.6%; P = 0.005) through week 32 (55.7% versus 36.3%; P < 0.001), compared with quetiapine XR-treated patients.",full_text_seen,abstract,C001,"randomized, open-label, rater-blinded phase 3b trial",not_reported,not_reported,not_reported,Projected from extraction_v1; support=supported; confidence=1.0; needs_human_review=False,CNS Spectrums,journal-article,NCT04338321,2025-01-01,Cambridge University Press (CUP),636,Quetiapine extended-release (50-300 mg/day) in combination with an oral antidepressant,Esketamine nasal spray (56 or 84 mg) in combination with an oral antidepressant,56 or 84 mg,nasal spray,"twice weekly (weeks 1-4), weekly (weeks 5-8), weekly or once every two weeks (weeks 9-32)","week 8, week 32",,,,not_reported,high,alias,label,needs_external_id_lookup,needs_external_id_lookup,{},{},1092-8529,2165-6509,"Humans | Quetiapine Fumarate / administration & dosage | Quetiapine Fumarate / therapeutic use | Quetiapine Fumarate / adverse effects | Adult | Male | Female | Depressive Disorder, Treatment-Resistant / drug therapy | Ketamine / administration & dosage | Ketamine / therapeutic use | Ketamine / adverse effects | Middle Aged | Nasal Sprays | Antidepressive Agents / administration & dosage | Antidepressive Agents / therapeutic use | Young Adult | Adolescent | Antipsychotic Agents / administration & dosage | Antipsychotic Agents / therapeutic use | Treatment Outcome | Delayed-Action Preparations",eng,Esketamine | major depressive disorder | quetiapine | remission | treatment-resistant depression,,
normalized,compound and graph entity matched local registry,S-ketamine,,Treatment-resistant depression,S-ketamine,Treatment-resistant depression,Esketamine,,Treatment-resistant depression,Treatment-resistant depression,response,therapeutic_indication,Treatment-resistant depression,indication,True,10.1017/s1092852924002451,Esketamine nasal spray versus quetiapine XR in adults with treatment-resistant depression: a secondary analysis of the ESCAPE-TRD randomized clinical trial,compound_disorder,adults with treatment-resistant depression (TRD),not_applicable,Efficacy,Depression,positive,"Response rate (≥50% improvement in MADRS total score or MADRS total score 

≤ 10)",adults with treatment-resistant depression (TRD),clinical,Roger S. McIntyre; Gregory Mattingly; Yordan Godinov; Jozefine Buyze; Ibrahim Turkoz; Patricia Cabrera; Manish Patel; Larry Martinez; Mai Himedan; Oliver Lopena,2025,primary_results,doi,primary_study,original_empirical,primary_evidence,uncertain,supported,1.0,False,"A significantly higher percentage of patients from the ESK arm experienced response starting at week 2 (16.6% versus 8.4%, P = 0.002) and at every subsequent time point through week 32 (75.9% versus 55.0%, P < .001) (Figure 2A ) compared with the quetiapine XR arm.",full_text_seen,text,C006,"randomized, open-label, rater-blinded phase 3b trial",not_reported,not_reported,not_reported,Projected from extraction_v1; support=supported; confidence=1.0; needs_human_review=False,CNS Spectrums,journal-article,NCT04338321,2025-01-01,Cambridge University Press (CUP),636,Quetiapine extended-release (50-300 mg/day) in combination with an oral antidepressant,Esketamine nasal spray (56 or 84 mg) in combination with an oral antidepressant,56 or 84 mg,nasal spray,"twice weekly (weeks 1-4), weekly (weeks 5-8), weekly or once every two weeks (weeks 9-32)","week 2, week 32",,,,not_reported,high,alias,label,needs_external_id_lookup,needs_external_id_lookup,{},{},1092-8529,2165-6509,"Humans | Quetiapine Fumarate / administration & dosage | Quetiapine Fumarate / therapeutic use | Quetiapine Fumarate / adverse effects | Adult | Male | Female | Depressive Disorder, Treatment-Resistant / drug therapy | Ketamine / administration & dosage | Ketamine / therapeutic use | Ketamine / adverse effects | Middle Aged | Nasal Sprays | Antidepressive Agents / administration & dosage | Antidepressive Agents / therapeutic use | Young Adult | Adolescent | Antipsychotic Agents / administration & dosage | Antipsychotic Agents / therapeutic use | Treatment Outcome | Delayed-Action Preparations",eng,Esketamine | major depressive disorder | quetiapine | remission | treatment-resistant depression,,
normalized,compound and graph entity matched local registry,S-ketamine,,Treatment-resistant depression,S-ketamine,Treatment-resistant depression,esketamine,,treatment-resistant depression,treatment-resistant depression,"probability of a patient that was a ""non-responder"" to become a ""responder""",outcome_measure,Treatment-resistant depression,indication,True,10.1016/j.rpsm.2020.10.003,The probability of response after each subcutaneous injection of esketamine in treatment-resistant depression,compound_disorder,treatment-resistant depression,not_reported,efficacy,depressive symptoms,positive,response (decrease of at least 50% in the Montgomery-Åsberg Depression Rating Scale),patients with TRD (unipolar and bipolar treatment-resistant depression),clinical,Victor Augusto Rodovalho Fava; Luciana Maria Sarin; Ana Cecília Lucchese; Lorena Del Sant; Eduardo Magalhães; Rodrigo Simonini Delfino; Marco Aurélio Tuena; Carolina Nakahira; Andrea Parolin Jackowski; Guilherme Abdo,2020,case_report,doi,primary_study,original_empirical,primary_evidence,uncertain,supported,1.0,False,"The probability of a patient that was a ""non-responder"" to become a ""responder"" following a SC injection of esketamine was 17.30%",abstract_only,abstract,abstract,retrospective analysis of a case series,not_reported,not_reported,not_reported,Projected from extraction_v1; support=supported; confidence=1; needs_human_review=False,Revista de Psiquiatría y Salud Mental,journal-article,,2020-10-16,Elsevier BV,70 patients,not_reported,esketamine,0.5-1.0mg/kg,subcutaneous (SC),"weekly, throughout four doses",24h after dose,,,,not_reported,low,alias,label,needs_external_id_lookup,needs_external_id_lookup,{},{},1888-9891,1989-4600,,eng | spa,Análisis de transición latente | Bipolar depression | Depresión bipolar | Depresión resistente al tratamiento | Esketamina | Esketamine | Latent transition analysis | Respuesta al tratamiento | Treatment response | Treatment-resistant depression,,
normalized,compound and graph entity matched local registry,S-ketamine,,Treatment-resistant depression,S-ketamine,Treatment-resistant depression,esketamine,,treatment-resistant depression,treatment-resistant depression,"probability of a patient that was a ""responder"" to remain as a ""responder""",outcome_measure,Treatment-resistant depression,indication,True,10.1016/j.rpsm.2020.10.003,The probability of response after each subcutaneous injection of esketamine in treatment-resistant depression,compound_disorder,treatment-resistant depression,not_reported,efficacy,depressive symptoms,positive,response (decrease of at least 50% in the Montgomery-Åsberg Depression Rating Scale),patients with TRD (unipolar and bipolar treatment-resistant depression),clinical,Victor Augusto Rodovalho Fava; Luciana Maria Sarin; Ana Cecília Lucchese; Lorena Del Sant; Eduardo Magalhães; Rodrigo Simonini Delfino; Marco Aurélio Tuena; Carolina Nakahira; Andrea Parolin Jackowski; Guilherme Abdo,2020,case_report,doi,primary_study,original_empirical,primary_evidence,uncertain,supported,1.0,False,"The probability of a patient that was a ""responder"" to remain as a ""responder"" was 95%.",abstract_only,abstract,abstract,retrospective analysis of a case series,not_reported,not_reported,not_reported,Projected from extraction_v1; support=supported; confidence=1; needs_human_review=False,Revista de Psiquiatría y Salud Mental,journal-article,,2020-10-16,Elsevier BV,70 patients,not_reported,esketamine,0.5-1.0mg/kg,subcutaneous (SC),"weekly, throughout four doses",24h after dose,,,,not_reported,low,alias,label,needs_external_id_lookup,needs_external_id_lookup,{},{},1888-9891,1989-4600,,eng | spa,Análisis de transición latente | Bipolar depression | Depresión bipolar | Depresión resistente al tratamiento | Esketamina | Esketamine | Latent transition analysis | Respuesta al tratamiento | Treatment response | Treatment-resistant depression,,
normalized,compound and graph entity matched local registry,Psilocybin,,Alcohol use disorder,Psilocybin,Alcohol use disorder,Psilocybin,,Alcohol use disorder,Alcohol use disorder,reducing alcohol cravings,symptom_or_problem,Alcohol use disorder,indication,True,10.1037/adb0000935,Reports of self-compassion and affect regulation in psilocybin-assisted therapy for alcohol use disorder: An interpretive phenomenological analysis.,compound_disorder,Alcohol use disorder (AUD),not_applicable,therapeutic_effect,Substance Use,positive,alcohol cravings,"Participants (N = 13) mostly identified as non-Hispanic and White, with approximately equal proportions of cisgender men and women.",clinical,Gabrielle Agin-Liebes; Elizabeth M. Nielson; Michael Zingman; Katherine Kim; Alexandra Haas; Lindsey T. Owens; Ursula Rogers; Michael Bogenschutz,2023,primary_results,doi,primary_study,original_empirical,primary_evidence,uncertain,supported,1.0,False,"Our results support the assertion that psilocybin increases the malleability of self-related processing, and diminishes shame-based and self-critical thought patterns while improving affect regulation and reducing alcohol cravings.",abstract_only,abstract,abstract,randomized controlled trial,NIDA NIH HHS | NIH HHS,not_reported,not_reported,Projected from extraction_v1; support=supported; confidence=1.0; needs_human_review=False,Psychology of Addictive Behaviors,journal-article,NCT02061293,2023-06-05,American Psychological Association (APA),N = 13,not_reported,psilocybin-assisted psychotherapy,not_reported,not_reported,not_reported,not_reported,,,,not_reported,high,label,label,needs_external_id_lookup,needs_external_id_lookup,{},{},0893-164X,1939-1501,Female | Humans | Male | Alcoholism / drug therapy | Emotions | Hallucinogens / therapeutic use | Psilocybin / therapeutic use | Self-Compassion | Qualitative Research | Randomized Controlled Trials as Topic,eng,,NIDA NIH HHS | NIH HHS,T32 DA007233 | T32 DA007250
normalized,compound and graph entity matched local registry,Psilocybin,,Alcohol use disorder,Psilocybin,Alcohol use disorder,Psilocybin,,Alcohol use disorder,Alcohol use disorder,diminishes shame-based and self-critical thought patterns,symptom_or_problem,Alcohol use disorder,indication,True,10.1037/adb0000935,Reports of self-compassion and affect regulation in psilocybin-assisted therapy for alcohol use disorder: An interpretive phenomenological analysis.,compound_disorder,Alcohol use disorder (AUD),not_applicable,therapeutic_effect,Cognition/Psychological Processes,positive,shame-based and self-critical thought patterns,"Participants (N = 13) mostly identified as non-Hispanic and White, with approximately equal proportions of cisgender men and women.",clinical,Gabrielle Agin-Liebes; Elizabeth M. Nielson; Michael Zingman; Katherine Kim; Alexandra Haas; Lindsey T. Owens; Ursula Rogers; Michael Bogenschutz,2023,primary_results,doi,primary_study,original_empirical,primary_evidence,uncertain,supported,1.0,False,"Our results support the assertion that psilocybin increases the malleability of self-related processing, and diminishes shame-based and self-critical thought patterns while improving affect regulation and reducing alcohol cravings.",abstract_only,abstract,abstract,randomized controlled trial,NIDA NIH HHS | NIH HHS,not_reported,not_reported,Projected from extraction_v1; support=supported; confidence=1.0; needs_human_review=False,Psychology of Addictive Behaviors,journal-article,NCT02061293,2023-06-05,American Psychological Association (APA),N = 13,not_reported,psilocybin-assisted psychotherapy,not_reported,not_reported,not_reported,not_reported,,,,not_reported,high,label,label,needs_external_id_lookup,needs_external_id_lookup,{},{},0893-164X,1939-1501,Female | Humans | Male | Alcoholism / drug therapy | Emotions | Hallucinogens / therapeutic use | Psilocybin / therapeutic use | Self-Compassion | Qualitative Research | Randomized Controlled Trials as Topic,eng,,NIDA NIH HHS | NIH HHS,T32 DA007233 | T32 DA007250
