normalization_status,normalization_notes,compound,target,disorder,canonical_compound,canonical_entity,compound_original,target_original,disorder_original,graph_entity_original,raw_entity_label,entity_role,graph_entity_label,graph_entity_type,graph_include_candidate,study_doi,study_title,claim_type,clinical_context_condition,graph_exclusion_reason,mechanism_type,assay_type,assay_family,action_type,affinity_type,affinity_value,affinity_unit,result_direction,species,model_or_system,system,authors,study_year,paper_type,source,source_type,source_family,paper_assessment_route,evidence_strength,support,confidence,needs_human_review,supporting_quote,access_level,evidence_location,evidence_locator,study_design,funding,conflicts_of_interest,risk_of_bias_summary,notes,study_journal,publication_type,publication_date,journal_issn,journal_eissn,publisher,mesh_terms,funders,grant_ids,language,sample_size_total,sample_size_by_arm,comparator,intervention_or_exposure,dose,route,session_count_or_duration,primary_outcome,outcome_measure,timepoint,effect_size,p_value,confidence_interval,adverse_events,evidence_level,compound_match_type,entity_match_type,compound_registry_status,entity_registry_status,compound_ids,entity_ids,keywords,trial_registry_ids,related_dois,publication_relations
normalized,compound and graph entity matched local registry,MDMA,DAT (SLC6A3),,MDMA,DAT (SLC6A3),(±)-MDMA,Dopamine transporter,,Dopamine transporter,DAT,molecular_target,DAT (SLC6A3),target,True,10.1007/s00213-005-0174-5,"MDMA (Ecstasy) and human dopamine, norepinephrine, and serotonin transporters: implications for MDMA-induced neurotoxicity and treatment",compound_target,not_applicable,not_applicable,substrate / transport,[3H](±)-MDMA transport,transport assay,substrate / transport,Other,1490.0,nM,not_applicable,human,HEK-293 cells stably transfected with human DAT,in_vitro,Christopher D. Verrico; Gregory M. Miller; Bertha K. Madras,2005,primary_results,doi,primary_study,original_empirical,primary_evidence,uncertain,supported,1.0,False,"Table 1 1 Affinities (K m , nM) and maximal transport velocity (V max , fmol min -1 10 6 cells -1 ) of [ 3 H](±)MDMA, [ 3 H](+)MDMA, and [ 3 H](-) MDMA at the DAT, NET, and SERT and [ 3 H]DA at the DAT, [ 3 H]NE at the NET, and [ 3 H]5-HT at the SERT Radioligand DAT NET SERT ... [ 3 H](±)MDMA 1,490±393 (n=8) ... The transport of [ 3 H](±)-MDMA by the DAT was saturable (Fig. 3a , top left), and the affinity K m 1,490±393 nM was similar to that of [ 3 H]DA (Table 1 ).",full_text_seen,mixed,"Table 1, Chunk C011",in vitro experiment,,,,Projected from extraction_v1; support=supported; confidence=1; needs_human_review=False,Psychopharmacology,journal-article,2005-10-11,0033-3158,1432-2072,Springer Science and Business Media LLC,"Binding, Competitive | Brain / drug effects | Brain / metabolism | Cell Line | Dopamine / metabolism | Dopamine Plasma Membrane Transport Proteins / drug effects | Dopamine Plasma Membrane Transport Proteins / metabolism | Dose-Response Relationship, Drug | Humans | Kinetics | N-Methyl-3,4-methylenedioxyamphetamine / chemistry | N-Methyl-3,4-methylenedioxyamphetamine / metabolism | N-Methyl-3,4-methylenedioxyamphetamine / toxicity | Neurotoxicity Syndromes / etiology | Neurotoxicity Syndromes / metabolism | Norepinephrine / metabolism | Norepinephrine Plasma Membrane Transport Proteins / drug effects | Norepinephrine Plasma Membrane Transport Proteins / metabolism | Plasma Membrane Neurotransmitter Transport Proteins / drug effects | Plasma Membrane Neurotransmitter Transport Proteins / genetics | Plasma Membrane Neurotransmitter Transport Proteins / metabolism | Serotonin / metabolism | Serotonin Agents / chemistry | Serotonin Agents / metabolism | Serotonin Agents / toxicity | Serotonin Plasma Membrane Transport Proteins / drug effects | Serotonin Plasma Membrane Transport Proteins / metabolism | Stereoisomerism | Temperature | Transfection",NIDA NIH HHS | NCRR NIH HHS | NIH HHS,DA06303 | RR 00168 | DA11558 | P51 OD011103 | P51 RR000168 | DA15305 | K05 DA015305 | R01 DA011558,eng,,,,,,,,,,,,,,,high,label,alias,needs_external_id_lookup,needs_external_id_lookup,{},"{""gene_symbol"": ""SLC6A3""}",,,,
normalized,compound and graph entity matched local registry,MDMA,DAT (SLC6A3),,MDMA,DAT (SLC6A3),(±)-MDMA,Dopamine transporter,,Dopamine transporter,DAT,molecular_target,DAT (SLC6A3),target,True,10.1007/s00213-005-0174-5,"MDMA (Ecstasy) and human dopamine, norepinephrine, and serotonin transporters: implications for MDMA-induced neurotoxicity and treatment",compound_target,not_applicable,not_applicable,inhibitor,[3H]DA transport inhibition,inhibition assay,inhibitor,IC50,1020.0,nM,not_applicable,human,HEK-293 cells stably transfected with human DAT,in_vitro,Christopher D. Verrico; Gregory M. Miller; Bertha K. Madras,2005,primary_results,doi,primary_study,original_empirical,primary_evidence,uncertain,supported,1.0,False,"Table 2 2 Comparison of the affinities of MDMA, endoge- Compound DAT IC 50 (nM) NET IC 50 (nM) SERT IC 50 (nM) nous substrates, and uptake inhibitors (IC 50 ) for inhibiting the transport of [ 3 H]DA at the DAT, [ 3 H]NE at the NET, and [ 3 H]5-HT at the SERT (±)MDMA 1,020±291 (n=5) ... (±)-MDMA inhibited [ 3 H]DA transport in a concentration-dependent manner (Fig. 3b , top right), with relatively low affinity (IC 50 1,020±291 nM)",full_text_seen,mixed,"Table 2, Chunk C011",in vitro experiment,,,,Projected from extraction_v1; support=supported; confidence=1; needs_human_review=False,Psychopharmacology,journal-article,2005-10-11,0033-3158,1432-2072,Springer Science and Business Media LLC,"Binding, Competitive | Brain / drug effects | Brain / metabolism | Cell Line | Dopamine / metabolism | Dopamine Plasma Membrane Transport Proteins / drug effects | Dopamine Plasma Membrane Transport Proteins / metabolism | Dose-Response Relationship, Drug | Humans | Kinetics | N-Methyl-3,4-methylenedioxyamphetamine / chemistry | N-Methyl-3,4-methylenedioxyamphetamine / metabolism | N-Methyl-3,4-methylenedioxyamphetamine / toxicity | Neurotoxicity Syndromes / etiology | Neurotoxicity Syndromes / metabolism | Norepinephrine / metabolism | Norepinephrine Plasma Membrane Transport Proteins / drug effects | Norepinephrine Plasma Membrane Transport Proteins / metabolism | Plasma Membrane Neurotransmitter Transport Proteins / drug effects | Plasma Membrane Neurotransmitter Transport Proteins / genetics | Plasma Membrane Neurotransmitter Transport Proteins / metabolism | Serotonin / metabolism | Serotonin Agents / chemistry | Serotonin Agents / metabolism | Serotonin Agents / toxicity | Serotonin Plasma Membrane Transport Proteins / drug effects | Serotonin Plasma Membrane Transport Proteins / metabolism | Stereoisomerism | Temperature | Transfection",NIDA NIH HHS | NCRR NIH HHS | NIH HHS,DA06303 | RR 00168 | DA11558 | P51 OD011103 | P51 RR000168 | DA15305 | K05 DA015305 | R01 DA011558,eng,,,,,,,,,,,,,,,high,label,alias,needs_external_id_lookup,needs_external_id_lookup,{},"{""gene_symbol"": ""SLC6A3""}",,,,
normalized,compound and graph entity matched local registry,MDMA,DAT (SLC6A3),,MDMA,DAT (SLC6A3),(±)-MDMA,Dopamine transporter,,Dopamine transporter,DAT,molecular_target,DAT (SLC6A3),target,True,10.1007/s00213-005-0174-5,"MDMA (Ecstasy) and human dopamine, norepinephrine, and serotonin transporters: implications for MDMA-induced neurotoxicity and treatment",compound_target,not_applicable,not_applicable,release,[3H]DA release assay,release assay,release,IC50,1290.0,nM,not_applicable,human,HEK-293 cells stably transfected with human DAT,in_vitro,Christopher D. Verrico; Gregory M. Miller; Bertha K. Madras,2005,primary_results,doi,primary_study,original_empirical,primary_evidence,uncertain,supported,1.0,False,"Table 4 4 Potency of (±)MDMA and DA, NE, or 5-HT to release preloaded [ 3 H]DA from the DAT, [ 3 H]NE from the NET, and [ 3 H]5-HT from the SERT Compound DAT IC 50 (nM) NET IC 50 (nM) SERT IC 50 (nM) (±)MDMA 1,290±198 (n=3) ... (±)-MDMA released DA from the cells, in a concentration-dependent manner, with an apparent affinity (1,290±198 nM) that corresponded to its affinity as a substrate (Fig. 3d and Tables 1 , 2 , and 4 ).",full_text_seen,mixed,"Table 4, Chunk C012",in vitro experiment,,,,Projected from extraction_v1; support=supported; confidence=1; needs_human_review=False,Psychopharmacology,journal-article,2005-10-11,0033-3158,1432-2072,Springer Science and Business Media LLC,"Binding, Competitive | Brain / drug effects | Brain / metabolism | Cell Line | Dopamine / metabolism | Dopamine Plasma Membrane Transport Proteins / drug effects | Dopamine Plasma Membrane Transport Proteins / metabolism | Dose-Response Relationship, Drug | Humans | Kinetics | N-Methyl-3,4-methylenedioxyamphetamine / chemistry | N-Methyl-3,4-methylenedioxyamphetamine / metabolism | N-Methyl-3,4-methylenedioxyamphetamine / toxicity | Neurotoxicity Syndromes / etiology | Neurotoxicity Syndromes / metabolism | Norepinephrine / metabolism | Norepinephrine Plasma Membrane Transport Proteins / drug effects | Norepinephrine Plasma Membrane Transport Proteins / metabolism | Plasma Membrane Neurotransmitter Transport Proteins / drug effects | Plasma Membrane Neurotransmitter Transport Proteins / genetics | Plasma Membrane Neurotransmitter Transport Proteins / metabolism | Serotonin / metabolism | Serotonin Agents / chemistry | Serotonin Agents / metabolism | Serotonin Agents / toxicity | Serotonin Plasma Membrane Transport Proteins / drug effects | Serotonin Plasma Membrane Transport Proteins / metabolism | Stereoisomerism | Temperature | Transfection",NIDA NIH HHS | NCRR NIH HHS | NIH HHS,DA06303 | RR 00168 | DA11558 | P51 OD011103 | P51 RR000168 | DA15305 | K05 DA015305 | R01 DA011558,eng,,,,,,,,,,,,,,,high,label,alias,needs_external_id_lookup,needs_external_id_lookup,{},"{""gene_symbol"": ""SLC6A3""}",,,,
normalized,compound and graph entity matched local registry,MDMA,NET (SLC6A2),,MDMA,NET (SLC6A2),(±)-MDMA,Norepinephrine transporter,,Norepinephrine transporter,NET,molecular_target,NET (SLC6A2),target,True,10.1007/s00213-005-0174-5,"MDMA (Ecstasy) and human dopamine, norepinephrine, and serotonin transporters: implications for MDMA-induced neurotoxicity and treatment",compound_target,not_applicable,not_applicable,substrate / transport,[3H](±)-MDMA transport,transport assay,substrate / transport,Other,377.0,nM,not_applicable,human,HEK-293 cells stably transfected with human NET,in_vitro,Christopher D. Verrico; Gregory M. Miller; Bertha K. Madras,2005,primary_results,doi,primary_study,original_empirical,primary_evidence,uncertain,supported,1.0,False,"Table 1 1 Affinities (K m , nM) and maximal transport velocity (V max , fmol min -1 10 6 cells -1 ) of [ 3 H](±)MDMA, [ 3 H](+)MDMA, and [ 3 H](-) MDMA at the DAT, NET, and SERT and [ 3 H]DA at the DAT, [ 3 H]NE at the NET, and [ 3 H]5-HT at the SERT Radioligand DAT NET SERT ... [ 3 H](±)MDMA ... 377±235 (n=9) ... Under these assay conditions, the affinity of [ 3 H](±)-MDMA (K m 377±235 nM) for the NET was four times higher than its affinity for the DAT and higher than that of [ 3 H]NE for the NET (K m 789±126 nM) (Table 1 and Fig. 4a ).",full_text_seen,mixed,"Table 1, Chunk C012",in vitro experiment,,,,Projected from extraction_v1; support=supported; confidence=1; needs_human_review=False,Psychopharmacology,journal-article,2005-10-11,0033-3158,1432-2072,Springer Science and Business Media LLC,"Binding, Competitive | Brain / drug effects | Brain / metabolism | Cell Line | Dopamine / metabolism | Dopamine Plasma Membrane Transport Proteins / drug effects | Dopamine Plasma Membrane Transport Proteins / metabolism | Dose-Response Relationship, Drug | Humans | Kinetics | N-Methyl-3,4-methylenedioxyamphetamine / chemistry | N-Methyl-3,4-methylenedioxyamphetamine / metabolism | N-Methyl-3,4-methylenedioxyamphetamine / toxicity | Neurotoxicity Syndromes / etiology | Neurotoxicity Syndromes / metabolism | Norepinephrine / metabolism | Norepinephrine Plasma Membrane Transport Proteins / drug effects | Norepinephrine Plasma Membrane Transport Proteins / metabolism | Plasma Membrane Neurotransmitter Transport Proteins / drug effects | Plasma Membrane Neurotransmitter Transport Proteins / genetics | Plasma Membrane Neurotransmitter Transport Proteins / metabolism | Serotonin / metabolism | Serotonin Agents / chemistry | Serotonin Agents / metabolism | Serotonin Agents / toxicity | Serotonin Plasma Membrane Transport Proteins / drug effects | Serotonin Plasma Membrane Transport Proteins / metabolism | Stereoisomerism | Temperature | Transfection",NIDA NIH HHS | NCRR NIH HHS | NIH HHS,DA06303 | RR 00168 | DA11558 | P51 OD011103 | P51 RR000168 | DA15305 | K05 DA015305 | R01 DA011558,eng,,,,,,,,,,,,,,,high,label,alias,needs_external_id_lookup,needs_external_id_lookup,{},"{""gene_symbol"": ""SLC6A2""}",,,,
normalized,compound and graph entity matched local registry,MDMA,NET (SLC6A2),,MDMA,NET (SLC6A2),(±)-MDMA,Norepinephrine transporter,,Norepinephrine transporter,NET,molecular_target,NET (SLC6A2),target,True,10.1007/s00213-005-0174-5,"MDMA (Ecstasy) and human dopamine, norepinephrine, and serotonin transporters: implications for MDMA-induced neurotoxicity and treatment",compound_target,not_applicable,not_applicable,inhibitor,[3H]NE transport inhibition,inhibition assay,inhibitor,IC50,375.0,nM,not_applicable,human,HEK-293 cells stably transfected with human NET,in_vitro,Christopher D. Verrico; Gregory M. Miller; Bertha K. Madras,2005,primary_results,doi,primary_study,original_empirical,primary_evidence,uncertain,supported,1.0,False,"Table 2 2 Comparison of the affinities of MDMA, endoge- Compound DAT IC 50 (nM) NET IC 50 (nM) SERT IC 50 (nM) nous substrates, and uptake inhibitors (IC 50 ) for inhibiting the transport of [ 3 H]DA at the DAT, [ 3 H]NE at the NET, and [ 3 H]5-HT at the SERT (±)MDMA ... 375±60 (n=5) ... The affinity of [ 3 H](±)-MDMA as a NET substrate (K m 377±235 nM) paralleled its potency for blocking [ 3 H]NE transport (IC 50 375±60 nM) (Fig. 4a , b , Tables 1 and 2 ).",full_text_seen,mixed,"Table 2, Chunk C012",in vitro experiment,,,,Projected from extraction_v1; support=supported; confidence=1; needs_human_review=False,Psychopharmacology,journal-article,2005-10-11,0033-3158,1432-2072,Springer Science and Business Media LLC,"Binding, Competitive | Brain / drug effects | Brain / metabolism | Cell Line | Dopamine / metabolism | Dopamine Plasma Membrane Transport Proteins / drug effects | Dopamine Plasma Membrane Transport Proteins / metabolism | Dose-Response Relationship, Drug | Humans | Kinetics | N-Methyl-3,4-methylenedioxyamphetamine / chemistry | N-Methyl-3,4-methylenedioxyamphetamine / metabolism | N-Methyl-3,4-methylenedioxyamphetamine / toxicity | Neurotoxicity Syndromes / etiology | Neurotoxicity Syndromes / metabolism | Norepinephrine / metabolism | Norepinephrine Plasma Membrane Transport Proteins / drug effects | Norepinephrine Plasma Membrane Transport Proteins / metabolism | Plasma Membrane Neurotransmitter Transport Proteins / drug effects | Plasma Membrane Neurotransmitter Transport Proteins / genetics | Plasma Membrane Neurotransmitter Transport Proteins / metabolism | Serotonin / metabolism | Serotonin Agents / chemistry | Serotonin Agents / metabolism | Serotonin Agents / toxicity | Serotonin Plasma Membrane Transport Proteins / drug effects | Serotonin Plasma Membrane Transport Proteins / metabolism | Stereoisomerism | Temperature | Transfection",NIDA NIH HHS | NCRR NIH HHS | NIH HHS,DA06303 | RR 00168 | DA11558 | P51 OD011103 | P51 RR000168 | DA15305 | K05 DA015305 | R01 DA011558,eng,,,,,,,,,,,,,,,high,label,alias,needs_external_id_lookup,needs_external_id_lookup,{},"{""gene_symbol"": ""SLC6A2""}",,,,
normalized,compound and graph entity matched local registry,MDMA,NET (SLC6A2),,MDMA,NET (SLC6A2),(±)-MDMA,Norepinephrine transporter,,Norepinephrine transporter,NET,molecular_target,NET (SLC6A2),target,True,10.1007/s00213-005-0174-5,"MDMA (Ecstasy) and human dopamine, norepinephrine, and serotonin transporters: implications for MDMA-induced neurotoxicity and treatment",compound_target,not_applicable,not_applicable,release,[3H]NE release assay,release assay,release,IC50,267.0,nM,not_applicable,human,HEK-293 cells stably transfected with human NET,in_vitro,Christopher D. Verrico; Gregory M. Miller; Bertha K. Madras,2005,primary_results,doi,primary_study,original_empirical,primary_evidence,uncertain,supported,1.0,False,"Table 4 4 Potency of (±)MDMA and DA, NE, or 5-HT to release preloaded [ 3 H]DA from the DAT, [ 3 H]NE from the NET, and [ 3 H]5-HT from the SERT Compound DAT IC 50 (nM) NET IC 50 (nM) SERT IC 50 (nM) (±)MDMA ... 267±25 (n=4) ... (±)-MDMA released [ 3 H]NE from hNET cells preloaded with [ 3 H]NE in a dose-dependent manner (Fig. 4d and Table 4 ). The apparent affinity for [ 3 H]NE release, 267±25, corresponded to its affinity as a NET substrate (Fig. 4d and Tables 1 , 2 , and 4 )",full_text_seen,mixed,"Table 4, Chunk C012",in vitro experiment,,,,Projected from extraction_v1; support=supported; confidence=1; needs_human_review=False,Psychopharmacology,journal-article,2005-10-11,0033-3158,1432-2072,Springer Science and Business Media LLC,"Binding, Competitive | Brain / drug effects | Brain / metabolism | Cell Line | Dopamine / metabolism | Dopamine Plasma Membrane Transport Proteins / drug effects | Dopamine Plasma Membrane Transport Proteins / metabolism | Dose-Response Relationship, Drug | Humans | Kinetics | N-Methyl-3,4-methylenedioxyamphetamine / chemistry | N-Methyl-3,4-methylenedioxyamphetamine / metabolism | N-Methyl-3,4-methylenedioxyamphetamine / toxicity | Neurotoxicity Syndromes / etiology | Neurotoxicity Syndromes / metabolism | Norepinephrine / metabolism | Norepinephrine Plasma Membrane Transport Proteins / drug effects | Norepinephrine Plasma Membrane Transport Proteins / metabolism | Plasma Membrane Neurotransmitter Transport Proteins / drug effects | Plasma Membrane Neurotransmitter Transport Proteins / genetics | Plasma Membrane Neurotransmitter Transport Proteins / metabolism | Serotonin / metabolism | Serotonin Agents / chemistry | Serotonin Agents / metabolism | Serotonin Agents / toxicity | Serotonin Plasma Membrane Transport Proteins / drug effects | Serotonin Plasma Membrane Transport Proteins / metabolism | Stereoisomerism | Temperature | Transfection",NIDA NIH HHS | NCRR NIH HHS | NIH HHS,DA06303 | RR 00168 | DA11558 | P51 OD011103 | P51 RR000168 | DA15305 | K05 DA015305 | R01 DA011558,eng,,,,,,,,,,,,,,,high,label,alias,needs_external_id_lookup,needs_external_id_lookup,{},"{""gene_symbol"": ""SLC6A2""}",,,,
normalized,compound and graph entity matched local registry,MDMA,SERT (SLC6A4),,MDMA,SERT (SLC6A4),(±)-MDMA,Serotonin transporter,,Serotonin transporter,SERT,molecular_target,SERT (SLC6A4),target,True,10.1007/s00213-005-0174-5,"MDMA (Ecstasy) and human dopamine, norepinephrine, and serotonin transporters: implications for MDMA-induced neurotoxicity and treatment",compound_target,not_applicable,not_applicable,substrate / transport,[3H](±)-MDMA transport,transport assay,substrate / transport,Other,910.0,nM,not_applicable,human,HEK-293 cells stably transfected with human SERT,in_vitro,Christopher D. Verrico; Gregory M. Miller; Bertha K. Madras,2005,primary_results,doi,primary_study,original_empirical,primary_evidence,uncertain,supported,1.0,False,"Table 1 1 Affinities (K m , nM) and maximal transport velocity (V max , fmol min -1 10 6 cells -1 ) of [ 3 H](±)MDMA, [ 3 H](+)MDMA, and [ 3 H](-) MDMA at the DAT, NET, and SERT and [ 3 H]DA at the DAT, [ 3 H]NE at the NET, and [ 3 H]5-HT at the SERT Radioligand DAT NET SERT ... [ 3 H](±)MDMA ... 910±496 (n=6) ... In comparison with [ 3 H]5-HT, [ 3 H](±)MDMA affinity was approximately 50% lower (K m 910±496 nM)",full_text_seen,mixed,"Table 1, Chunk C013",in vitro experiment,,,,Projected from extraction_v1; support=supported; confidence=1; needs_human_review=False,Psychopharmacology,journal-article,2005-10-11,0033-3158,1432-2072,Springer Science and Business Media LLC,"Binding, Competitive | Brain / drug effects | Brain / metabolism | Cell Line | Dopamine / metabolism | Dopamine Plasma Membrane Transport Proteins / drug effects | Dopamine Plasma Membrane Transport Proteins / metabolism | Dose-Response Relationship, Drug | Humans | Kinetics | N-Methyl-3,4-methylenedioxyamphetamine / chemistry | N-Methyl-3,4-methylenedioxyamphetamine / metabolism | N-Methyl-3,4-methylenedioxyamphetamine / toxicity | Neurotoxicity Syndromes / etiology | Neurotoxicity Syndromes / metabolism | Norepinephrine / metabolism | Norepinephrine Plasma Membrane Transport Proteins / drug effects | Norepinephrine Plasma Membrane Transport Proteins / metabolism | Plasma Membrane Neurotransmitter Transport Proteins / drug effects | Plasma Membrane Neurotransmitter Transport Proteins / genetics | Plasma Membrane Neurotransmitter Transport Proteins / metabolism | Serotonin / metabolism | Serotonin Agents / chemistry | Serotonin Agents / metabolism | Serotonin Agents / toxicity | Serotonin Plasma Membrane Transport Proteins / drug effects | Serotonin Plasma Membrane Transport Proteins / metabolism | Stereoisomerism | Temperature | Transfection",NIDA NIH HHS | NCRR NIH HHS | NIH HHS,DA06303 | RR 00168 | DA11558 | P51 OD011103 | P51 RR000168 | DA15305 | K05 DA015305 | R01 DA011558,eng,,,,,,,,,,,,,,,high,label,alias,needs_external_id_lookup,needs_external_id_lookup,{},"{""gene_symbol"": ""SLC6A4""}",,,,
normalized,compound and graph entity matched local registry,MDMA,SERT (SLC6A4),,MDMA,SERT (SLC6A4),(±)-MDMA,Serotonin transporter,,Serotonin transporter,SERT,molecular_target,SERT (SLC6A4),target,True,10.1007/s00213-005-0174-5,"MDMA (Ecstasy) and human dopamine, norepinephrine, and serotonin transporters: implications for MDMA-induced neurotoxicity and treatment",compound_target,not_applicable,not_applicable,inhibitor,[3H]5-HT transport inhibition,inhibition assay,inhibitor,IC50,1340.0,nM,not_applicable,human,HEK-293 cells stably transfected with human SERT,in_vitro,Christopher D. Verrico; Gregory M. Miller; Bertha K. Madras,2005,primary_results,doi,primary_study,original_empirical,primary_evidence,uncertain,supported,1.0,False,"Table 2 2 Comparison of the affinities of MDMA, endoge- Compound DAT IC 50 (nM) NET IC 50 (nM) SERT IC 50 (nM) nous substrates, and uptake inhibitors (IC 50 ) for inhibiting the transport of [ 3 H]DA at the DAT, [ 3 H]NE at the NET, and [ 3 H]5-HT at the SERT (±)MDMA ... 1,340±280 (n=5) ... Unlabeled (±)-MDMA was a relatively weak inhibitor of [ 3 H]5-HT transport by the human SERT, with potencies falling in the same range as transport affinities (K m 910±496 vs 1,340±280 nM, Tables 1 , 2 and Fig. 5b , top right).",full_text_seen,mixed,"Table 2, Chunk C013",in vitro experiment,,,,Projected from extraction_v1; support=supported; confidence=1; needs_human_review=False,Psychopharmacology,journal-article,2005-10-11,0033-3158,1432-2072,Springer Science and Business Media LLC,"Binding, Competitive | Brain / drug effects | Brain / metabolism | Cell Line | Dopamine / metabolism | Dopamine Plasma Membrane Transport Proteins / drug effects | Dopamine Plasma Membrane Transport Proteins / metabolism | Dose-Response Relationship, Drug | Humans | Kinetics | N-Methyl-3,4-methylenedioxyamphetamine / chemistry | N-Methyl-3,4-methylenedioxyamphetamine / metabolism | N-Methyl-3,4-methylenedioxyamphetamine / toxicity | Neurotoxicity Syndromes / etiology | Neurotoxicity Syndromes / metabolism | Norepinephrine / metabolism | Norepinephrine Plasma Membrane Transport Proteins / drug effects | Norepinephrine Plasma Membrane Transport Proteins / metabolism | Plasma Membrane Neurotransmitter Transport Proteins / drug effects | Plasma Membrane Neurotransmitter Transport Proteins / genetics | Plasma Membrane Neurotransmitter Transport Proteins / metabolism | Serotonin / metabolism | Serotonin Agents / chemistry | Serotonin Agents / metabolism | Serotonin Agents / toxicity | Serotonin Plasma Membrane Transport Proteins / drug effects | Serotonin Plasma Membrane Transport Proteins / metabolism | Stereoisomerism | Temperature | Transfection",NIDA NIH HHS | NCRR NIH HHS | NIH HHS,DA06303 | RR 00168 | DA11558 | P51 OD011103 | P51 RR000168 | DA15305 | K05 DA015305 | R01 DA011558,eng,,,,,,,,,,,,,,,high,label,alias,needs_external_id_lookup,needs_external_id_lookup,{},"{""gene_symbol"": ""SLC6A4""}",,,,
normalized,compound and graph entity matched local registry,MDMA,SERT (SLC6A4),,MDMA,SERT (SLC6A4),(±)-MDMA,Serotonin transporter,,Serotonin transporter,SERT,molecular_target,SERT (SLC6A4),target,True,10.1007/s00213-005-0174-5,"MDMA (Ecstasy) and human dopamine, norepinephrine, and serotonin transporters: implications for MDMA-induced neurotoxicity and treatment",compound_target,not_applicable,not_applicable,release,[3H]5-HT release assay,release assay,release,IC50,874.0,nM,not_applicable,human,HEK-293 cells stably transfected with human SERT,in_vitro,Christopher D. Verrico; Gregory M. Miller; Bertha K. Madras,2005,primary_results,doi,primary_study,original_empirical,primary_evidence,uncertain,supported,1.0,False,"Table 4 4 Potency of (±)MDMA and DA, NE, or 5-HT to release preloaded [ 3 H]DA from the DAT, [ 3 H]NE from the NET, and [ 3 H]5-HT from the SERT Compound DAT IC 50 (nM) NET IC 50 (nM) SERT IC 50 (nM) (±)MDMA ... 874±35 (n=3) ... (±)-MDMA effectively released [ 3 H]5-HT from hSERT cells preloaded with [ 3 H]5-HT (Table 4 ). The apparent ... affinity for [ 3 H]5-HT release, 874±35, corresponded to its affinity as a SERT substrate (Fig. 5d and Tables 1 , 2 and 4 ).",full_text_seen,mixed,"Table 4, Chunk C013",in vitro experiment,,,,Projected from extraction_v1; support=supported; confidence=1; needs_human_review=False,Psychopharmacology,journal-article,2005-10-11,0033-3158,1432-2072,Springer Science and Business Media LLC,"Binding, Competitive | Brain / drug effects | Brain / metabolism | Cell Line | Dopamine / metabolism | Dopamine Plasma Membrane Transport Proteins / drug effects | Dopamine Plasma Membrane Transport Proteins / metabolism | Dose-Response Relationship, Drug | Humans | Kinetics | N-Methyl-3,4-methylenedioxyamphetamine / chemistry | N-Methyl-3,4-methylenedioxyamphetamine / metabolism | N-Methyl-3,4-methylenedioxyamphetamine / toxicity | Neurotoxicity Syndromes / etiology | Neurotoxicity Syndromes / metabolism | Norepinephrine / metabolism | Norepinephrine Plasma Membrane Transport Proteins / drug effects | Norepinephrine Plasma Membrane Transport Proteins / metabolism | Plasma Membrane Neurotransmitter Transport Proteins / drug effects | Plasma Membrane Neurotransmitter Transport Proteins / genetics | Plasma Membrane Neurotransmitter Transport Proteins / metabolism | Serotonin / metabolism | Serotonin Agents / chemistry | Serotonin Agents / metabolism | Serotonin Agents / toxicity | Serotonin Plasma Membrane Transport Proteins / drug effects | Serotonin Plasma Membrane Transport Proteins / metabolism | Stereoisomerism | Temperature | Transfection",NIDA NIH HHS | NCRR NIH HHS | NIH HHS,DA06303 | RR 00168 | DA11558 | P51 OD011103 | P51 RR000168 | DA15305 | K05 DA015305 | R01 DA011558,eng,,,,,,,,,,,,,,,high,label,alias,needs_external_id_lookup,needs_external_id_lookup,{},"{""gene_symbol"": ""SLC6A4""}",,,,
normalized,compound and graph entity matched local registry,MDMA,DAT (SLC6A3),,MDMA,DAT (SLC6A3),MDMA,Dopamine Transporter,,DAT,Inhibition of DAT-Mediated [3H]DA Uptake IC50 (nM),molecular_target,DAT (SLC6A3),target,True,10.1124/jpet.123.001837,"Novel Benzofuran Derivatives Induce Monoamine Release and Substitute for the Discriminative Stimulus Effects of 3,4-Methylenedioxymethamphetamine",compound_target,not_reported,not_reported,inhibitor,uptake inhibition assay,transporter assay,inhibitor,IC50,2008.0,nM,not_applicable,rat,brain synaptosomes,in_vitro,Candace B. Johnson; Donna Walther; Matthew J. Baggott; Lisa E. Baker; Michael H. Baumann,2024,primary_results,doi,primary_study,original_empirical,primary_evidence,uncertain,supported,1.0,False,MDMA 2008 ± 147 1067 ± 98 356 ± 16 0.2,full_text_seen,table,T001,in vitro study,,,,Projected from extraction_v1; support=supported; confidence=1.0; needs_human_review=False,Journal of Pharmacology and Experimental Therapeutics,journal-article,2024-01-25,0022-3565,1521-0103,Elsevier BV,"Animals | Benzofurans / pharmacology | N-Methyl-3,4-methylenedioxyamphetamine / pharmacology | Rats | Male | Rats, Sprague-Dawley | Synaptosomes / metabolism | Synaptosomes / drug effects | Dopamine / metabolism | Serotonin / metabolism | Biogenic Monoamines / metabolism | Norepinephrine Plasma Membrane Transport Proteins / metabolism | Norepinephrine Plasma Membrane Transport Proteins / antagonists & inhibitors | Dopamine Plasma Membrane Transport Proteins / metabolism | Norepinephrine / metabolism | Discrimination, Psychological / drug effects | Serotonin Plasma Membrane Transport Proteins / metabolism",Intramural NIH HHS,Z01 DA000522,eng,,,,,,,,,,,,,,,high,label,alias,needs_external_id_lookup,needs_external_id_lookup,{},"{""gene_symbol"": ""SLC6A3""}",,,,
normalized,compound and graph entity matched local registry,MDMA,NET (SLC6A2),,MDMA,NET (SLC6A2),MDMA,Norepinephrine Transporter,,NET,Inhibition of NET-Mediated [3H]NE Uptake IC50 (nM),molecular_target,NET (SLC6A2),target,True,10.1124/jpet.123.001837,"Novel Benzofuran Derivatives Induce Monoamine Release and Substitute for the Discriminative Stimulus Effects of 3,4-Methylenedioxymethamphetamine",compound_target,not_reported,not_reported,inhibitor,uptake inhibition assay,transporter assay,inhibitor,IC50,1067.0,nM,not_applicable,rat,brain synaptosomes,in_vitro,Candace B. Johnson; Donna Walther; Matthew J. Baggott; Lisa E. Baker; Michael H. Baumann,2024,primary_results,doi,primary_study,original_empirical,primary_evidence,uncertain,supported,1.0,False,MDMA 2008 ± 147 1067 ± 98 356 ± 16 0.2,full_text_seen,table,T001,in vitro study,,,,Projected from extraction_v1; support=supported; confidence=1.0; needs_human_review=False,Journal of Pharmacology and Experimental Therapeutics,journal-article,2024-01-25,0022-3565,1521-0103,Elsevier BV,"Animals | Benzofurans / pharmacology | N-Methyl-3,4-methylenedioxyamphetamine / pharmacology | Rats | Male | Rats, Sprague-Dawley | Synaptosomes / metabolism | Synaptosomes / drug effects | Dopamine / metabolism | Serotonin / metabolism | Biogenic Monoamines / metabolism | Norepinephrine Plasma Membrane Transport Proteins / metabolism | Norepinephrine Plasma Membrane Transport Proteins / antagonists & inhibitors | Dopamine Plasma Membrane Transport Proteins / metabolism | Norepinephrine / metabolism | Discrimination, Psychological / drug effects | Serotonin Plasma Membrane Transport Proteins / metabolism",Intramural NIH HHS,Z01 DA000522,eng,,,,,,,,,,,,,,,high,label,alias,needs_external_id_lookup,needs_external_id_lookup,{},"{""gene_symbol"": ""SLC6A2""}",,,,
normalized,compound and graph entity matched local registry,MDMA,SERT (SLC6A4),,MDMA,SERT (SLC6A4),MDMA,Serotonin Transporter,,SERT,Inhibition of SERT-Mediated [3H]5-HT Uptake IC50 (nM),molecular_target,SERT (SLC6A4),target,True,10.1124/jpet.123.001837,"Novel Benzofuran Derivatives Induce Monoamine Release and Substitute for the Discriminative Stimulus Effects of 3,4-Methylenedioxymethamphetamine",compound_target,not_reported,not_reported,inhibitor,uptake inhibition assay,transporter assay,inhibitor,IC50,356.0,nM,not_applicable,rat,brain synaptosomes,in_vitro,Candace B. Johnson; Donna Walther; Matthew J. Baggott; Lisa E. Baker; Michael H. Baumann,2024,primary_results,doi,primary_study,original_empirical,primary_evidence,uncertain,supported,1.0,False,MDMA 2008 ± 147 1067 ± 98 356 ± 16 0.2,full_text_seen,table,T001,in vitro study,,,,Projected from extraction_v1; support=supported; confidence=1.0; needs_human_review=False,Journal of Pharmacology and Experimental Therapeutics,journal-article,2024-01-25,0022-3565,1521-0103,Elsevier BV,"Animals | Benzofurans / pharmacology | N-Methyl-3,4-methylenedioxyamphetamine / pharmacology | Rats | Male | Rats, Sprague-Dawley | Synaptosomes / metabolism | Synaptosomes / drug effects | Dopamine / metabolism | Serotonin / metabolism | Biogenic Monoamines / metabolism | Norepinephrine Plasma Membrane Transport Proteins / metabolism | Norepinephrine Plasma Membrane Transport Proteins / antagonists & inhibitors | Dopamine Plasma Membrane Transport Proteins / metabolism | Norepinephrine / metabolism | Discrimination, Psychological / drug effects | Serotonin Plasma Membrane Transport Proteins / metabolism",Intramural NIH HHS,Z01 DA000522,eng,,,,,,,,,,,,,,,high,label,alias,needs_external_id_lookup,needs_external_id_lookup,{},"{""gene_symbol"": ""SLC6A4""}",,,,
normalized,compound and graph entity matched local registry,MDMA,DAT (SLC6A3),,MDMA,DAT (SLC6A3),MDMA,Dopamine Transporter,,DAT,DAT-Mediated [3H]MPP1 Release EC50 (nM) [%Emax],molecular_target,DAT (SLC6A3),target,True,10.1124/jpet.123.001837,"Novel Benzofuran Derivatives Induce Monoamine Release and Substitute for the Discriminative Stimulus Effects of 3,4-Methylenedioxymethamphetamine",compound_target,not_reported,not_reported,releaser,release assay,transporter assay,releaser,EC50,154.0,nM,not_applicable,rat,brain synaptosomes,in_vitro,Candace B. Johnson; Donna Walther; Matthew J. Baggott; Lisa E. Baker; Michael H. Baumann,2024,primary_results,doi,primary_study,original_empirical,primary_evidence,uncertain,supported,1.0,False,MDMA 154 ± 17 [102%] 323 ± 53 [104%] 75 ± 9 [105%] 0.5,full_text_seen,table,T002,in vitro study,,,,Projected from extraction_v1; support=supported; confidence=1.0; needs_human_review=False,Journal of Pharmacology and Experimental Therapeutics,journal-article,2024-01-25,0022-3565,1521-0103,Elsevier BV,"Animals | Benzofurans / pharmacology | N-Methyl-3,4-methylenedioxyamphetamine / pharmacology | Rats | Male | Rats, Sprague-Dawley | Synaptosomes / metabolism | Synaptosomes / drug effects | Dopamine / metabolism | Serotonin / metabolism | Biogenic Monoamines / metabolism | Norepinephrine Plasma Membrane Transport Proteins / metabolism | Norepinephrine Plasma Membrane Transport Proteins / antagonists & inhibitors | Dopamine Plasma Membrane Transport Proteins / metabolism | Norepinephrine / metabolism | Discrimination, Psychological / drug effects | Serotonin Plasma Membrane Transport Proteins / metabolism",Intramural NIH HHS,Z01 DA000522,eng,,,,,,,,,,,,,,,high,label,alias,needs_external_id_lookup,needs_external_id_lookup,{},"{""gene_symbol"": ""SLC6A3""}",,,,
normalized,compound and graph entity matched local registry,MDMA,NET (SLC6A2),,MDMA,NET (SLC6A2),MDMA,Norepinephrine Transporter,,NET,NET-Mediated [3H]MPP1 Release EC50 (nM) [%Emax],molecular_target,NET (SLC6A2),target,True,10.1124/jpet.123.001837,"Novel Benzofuran Derivatives Induce Monoamine Release and Substitute for the Discriminative Stimulus Effects of 3,4-Methylenedioxymethamphetamine",compound_target,not_reported,not_reported,releaser,release assay,transporter assay,releaser,EC50,323.0,nM,not_applicable,rat,brain synaptosomes,in_vitro,Candace B. Johnson; Donna Walther; Matthew J. Baggott; Lisa E. Baker; Michael H. Baumann,2024,primary_results,doi,primary_study,original_empirical,primary_evidence,uncertain,supported,1.0,False,MDMA 154 ± 17 [102%] 323 ± 53 [104%] 75 ± 9 [105%] 0.5,full_text_seen,table,T002,in vitro study,,,,Projected from extraction_v1; support=supported; confidence=1.0; needs_human_review=False,Journal of Pharmacology and Experimental Therapeutics,journal-article,2024-01-25,0022-3565,1521-0103,Elsevier BV,"Animals | Benzofurans / pharmacology | N-Methyl-3,4-methylenedioxyamphetamine / pharmacology | Rats | Male | Rats, Sprague-Dawley | Synaptosomes / metabolism | Synaptosomes / drug effects | Dopamine / metabolism | Serotonin / metabolism | Biogenic Monoamines / metabolism | Norepinephrine Plasma Membrane Transport Proteins / metabolism | Norepinephrine Plasma Membrane Transport Proteins / antagonists & inhibitors | Dopamine Plasma Membrane Transport Proteins / metabolism | Norepinephrine / metabolism | Discrimination, Psychological / drug effects | Serotonin Plasma Membrane Transport Proteins / metabolism",Intramural NIH HHS,Z01 DA000522,eng,,,,,,,,,,,,,,,high,label,alias,needs_external_id_lookup,needs_external_id_lookup,{},"{""gene_symbol"": ""SLC6A2""}",,,,
normalized,compound and graph entity matched local registry,MDMA,SERT (SLC6A4),,MDMA,SERT (SLC6A4),MDMA,Serotonin Transporter,,SERT,SERT-Mediated [3H]5-HT Release EC50 (nM) [%Emax],molecular_target,SERT (SLC6A4),target,True,10.1124/jpet.123.001837,"Novel Benzofuran Derivatives Induce Monoamine Release and Substitute for the Discriminative Stimulus Effects of 3,4-Methylenedioxymethamphetamine",compound_target,not_reported,not_reported,releaser,release assay,transporter assay,releaser,EC50,75.0,nM,not_applicable,rat,brain synaptosomes,in_vitro,Candace B. Johnson; Donna Walther; Matthew J. Baggott; Lisa E. Baker; Michael H. Baumann,2024,primary_results,doi,primary_study,original_empirical,primary_evidence,uncertain,supported,1.0,False,MDMA 154 ± 17 [102%] 323 ± 53 [104%] 75 ± 9 [105%] 0.5,full_text_seen,table,T002,in vitro study,,,,Projected from extraction_v1; support=supported; confidence=1.0; needs_human_review=False,Journal of Pharmacology and Experimental Therapeutics,journal-article,2024-01-25,0022-3565,1521-0103,Elsevier BV,"Animals | Benzofurans / pharmacology | N-Methyl-3,4-methylenedioxyamphetamine / pharmacology | Rats | Male | Rats, Sprague-Dawley | Synaptosomes / metabolism | Synaptosomes / drug effects | Dopamine / metabolism | Serotonin / metabolism | Biogenic Monoamines / metabolism | Norepinephrine Plasma Membrane Transport Proteins / metabolism | Norepinephrine Plasma Membrane Transport Proteins / antagonists & inhibitors | Dopamine Plasma Membrane Transport Proteins / metabolism | Norepinephrine / metabolism | Discrimination, Psychological / drug effects | Serotonin Plasma Membrane Transport Proteins / metabolism",Intramural NIH HHS,Z01 DA000522,eng,,,,,,,,,,,,,,,high,label,alias,needs_external_id_lookup,needs_external_id_lookup,{},"{""gene_symbol"": ""SLC6A4""}",,,,
normalized,compound and graph entity matched local registry,DMT,Sigma-1 receptor (SIGMAR1),,DMT,Sigma-1 receptor (SIGMAR1),"N,N-dimethyltryptamine",Sigma-1 receptor,,Sigma-1 receptor,Sigma-1 Receptor Activation,molecular_target,Sigma-1 receptor (SIGMAR1),target,True,10.3389/fnins.2016.00423,"The Endogenous Hallucinogen and Trace Amine N,N-Dimethyltryptamine (DMT) Displays Potent Protective Effects against Hypoxia via Sigma-1 Receptor Activation in Human Primary iPSC-Derived Cortical Neurons and Microglia-Like Immune Cells",compound_target,not_applicable,not_reported,activates,"Cellular survival assay, HIF-1α expression modulation, gene knockdown, antagonist studies",functional assay,activates,,,,not_applicable,Human,"iPSC-derived cortical neurons, monocyte-derived macrophages, dendritic cells",in_vitro,Attila Szabo; Attila Kovacs; Jordi Riba; Srdjan Djurovic; Eva Rajnavolgyi; Ede Frecska,2016,primary_results,doi,primary_study,original_empirical,primary_evidence,uncertain,supported,0.9,False,"The Endogenous Hallucinogen and Trace Amine N,N-Dimethyltryptamine (DMT) Displays Potent Protective Effects against Hypoxia via Sigma-1 Receptor Activation in Human Primary iPSC-Derived Cortical Neurons and Microglia-Like Immune Cells. Results showed that DMT robustly increases the survival of these cell types in severe hypoxia (0.5% O2) through the Sig-1R. The effects of DMT on cellular survival and HIF-1α expression is thus dependent on the Sig-1R in human primary iPSC-derived neurons and monocyte-derived microglia-like cells.",full_text_seen,mixed,"Title, Abstract, Chunk C013",in vitro experimental study,not_reported,not_reported,not_reported,Projected from extraction_v1; support=supported; confidence=0.9; needs_human_review=False,Frontiers in Neuroscience,journal-article,2016-09-14,1662-453X,1662-4548,Frontiers Media SA,,,,eng,,,,,,,,,,,,,,,medium,alias,alias,needs_external_id_lookup,needs_external_id_lookup,{},"{""gene_symbol"": ""SIGMAR1""}",cellular stress | cellular survival | dimethyltryptamine | hypoxia | sigma-1 receptor,not_reported,,
normalized,compound and graph entity matched local registry,Ketamine,NMDA receptor,,Ketamine,NMDA receptor,ketamine,NMDA receptor,,NMDA receptor,NMDA uncompetitive antagonists ketamine,molecular_target,NMDA receptor,target,True,10.1007/s00213-002-1086-2,Characterization of the discriminative stimulus effects of N -methyl- D -aspartate ligands under different ethanol training conditions in the cynomolgus monkey ( Macaca fascicularis ),compound_target,not_applicable,not_applicable,uncompetitive antagonist,discriminative stimulus effects,behavioral assay,uncompetitive antagonist,,,,not_applicable,cynomolgus monkey,"in vivo, discriminative stimulus effects in Macaca fascicularis",preclinical,Jeffrey Vivian; Courtney Waters; Kendall Szeliga; Kristen Jordan; Kathleen Grant,2002,primary_results,doi,primary_study,original_empirical,primary_evidence,uncertain,supported,0.9,False,"To characterize the discriminative stimulus effects of the NMDA uncompetitive antagonists dizocilpine, phencyclidine (PCP) and ketamine",abstract_only,abstract,abstract,experimental,,,,Projected from extraction_v1; support=supported; confidence=0.9; needs_human_review=False,Psychopharmacology,journal-article,2002-07-01,0033-3158,1432-2072,Springer Science and Business Media LLC,"Animals | Central Nervous System Depressants / pharmacology | Conditioning, Operant | Discrimination, Psychological / drug effects | Discrimination, Psychological / physiology | Dizocilpine Maleate / pharmacology | Dose-Response Relationship, Drug | Ethanol / administration & dosage | Ethanol / pharmacology | Excitatory Amino Acid Agonists / pharmacology | Excitatory Amino Acid Antagonists / pharmacology | Female | Ketamine / pharmacology | Macaca fascicularis | Male | N-Methylaspartate / antagonists & inhibitors | N-Methylaspartate / pharmacology | Phencyclidine / pharmacology | Receptors, N-Methyl-D-Aspartate / antagonists & inhibitors | Receptors, N-Methyl-D-Aspartate / drug effects | Sex Factors",NIAAA NIH HHS,AA 10009 | AA 10254,eng,,,,,,,,,,,,,,,medium,label,label,needs_external_id_lookup,complex_target_needs_subunit_mapping,{},{},,,,
normalized,compound and graph entity matched local registry,DOI,5-HT2A,,DOI,5-HT2A,DOI,5-HT2A receptor,,5-HT2A receptor,5-HT(2A) receptors,molecular_target,5-HT2A,target,True,10.1016/s0893-133x(00)00136-6,Behavioral Evidence for Interactions between a Hallucinogenic Drug and Group II Metabotropic Glutamate Receptors,compound_target,not_applicable,not_reported,partial agonist,behavioral assay (head shakes),in vivo functional,partial agonist,,,,not_applicable,Rats,in vivo rat model,preclinical,J Gewirtz,2000,primary_results,doi,primary_study,original_empirical,primary_evidence,uncertain,supported,1.0,False,phenethylamine hallucinogens with partial agonist activity at 5-HT(2A) receptors induce head shakes when directly administered into the medial prefrontal cortex.,abstract_only,abstract,abstract,experimental,NIMH NIH HHS,not_reported,not_reported,Projected from extraction_v1; support=supported; confidence=1.0; needs_human_review=False,Neuropsychopharmacology,journal-article,2000-11-01,0893-133X,1740-634X,Springer Science and Business Media LLC,"Amino Acids / pharmacology | Amphetamines / pharmacology | Animals | Behavior, Animal / drug effects | Bridged Bicyclo Compounds / pharmacology | Dose-Response Relationship, Drug | Drug Interactions | Excitatory Amino Acid Agonists / pharmacology | Excitatory Amino Acid Antagonists / pharmacology | Excitatory Postsynaptic Potentials / drug effects | Hallucinogens / pharmacology | Male | Pyramidal Cells / drug effects | Rats | Rats, Sprague-Dawley | Receptor, Serotonin, 5-HT2A | Receptors, Metabotropic Glutamate / drug effects | Receptors, Serotonin / drug effects | Xanthenes / pharmacology",NIMH NIH HHS,K08MH01551,eng,,,,,,,,,,,,,,,medium,label,target_variant,needs_external_id_lookup,needs_external_id_lookup,{},"{""gene_symbol"": ""HTR2A""}",,not_reported,,
normalized,compound and graph entity matched local registry,Ketamine,NMDA receptor,,Ketamine,NMDA receptor,Ketamine,NMDA receptor,,NMDA receptor,channel blockers,molecular_target,NMDA receptor,target,True,10.1113/jphysiol.2006.124958,Subunit‐specific mechanisms and proton sensitivity of NMDA receptor channel block,compound_target,not_applicable,not_reported,channel blocker,pK(a) determination,,channel blocker,Other,,,not_applicable,not_reported,not_reported,in_vitro,Shashank M. Dravid; Kevin Erreger; Hongjie Yuan; Katherine Nicholson; Phuong Le; Polina Lyuboslavsky; Antoine Almonte; Ernest Murray; Cara Mosley; Jeremy Barber,2007,primary_results,doi,primary_study,original_empirical,primary_evidence,uncertain,supported,1.0,False,Determination of pK(a) values for channel blockers suggests that the ionization of ketamine but not of other blockers can influence its pH-dependent potency.,abstract_only,abstract,abstract,pK(a) determination,NIDA NIH HHS | PHS HHS | NINDS NIH HHS,not_reported,not_reported,Projected from extraction_v1; support=supported; confidence=1.0; needs_human_review=False,The Journal of Physiology,journal-article,2007-02-16,0022-3751,1469-7793,Wiley,"Animals | Cell Line | Dizocilpine Maleate / pharmacology | Electrophysiology | Excitatory Amino Acid Antagonists / pharmacology | Humans | Hydrogen-Ion Concentration | Ion Channel Gating | Ion Channels / antagonists & inhibitors | Ion Channels / drug effects | Ion Channels / physiology | Male | Mice | Mice, Inbred C57BL | Patch-Clamp Techniques | Protons | Rats | Rats, Sprague-Dawley | Receptors, N-Methyl-D-Aspartate / antagonists & inhibitors | Receptors, N-Methyl-D-Aspartate / drug effects | Receptors, N-Methyl-D-Aspartate / physiology | Recombinant Proteins / antagonists & inhibitors | Stereoisomerism | Xenopus laevis",NIDA NIH HHS | PHS HHS | NINDS NIH HHS,R01 DA001442 | R01-01442 | DA-07218 | R01-NS36777,eng,,,,,,,,,,,,,,,medium,label,label,needs_external_id_lookup,complex_target_needs_subunit_mapping,{},{},,,10.1113/jphysiol.2007.130732,CommentIn PMID:17331982 J Physiol. 2007 May 15;581(Pt 1):1-2. doi: 10.1113/jphysiol.2007.130732.
