normalization_status,normalization_notes,compound,target,disorder,canonical_compound,canonical_entity,compound_original,target_original,disorder_original,graph_entity_original,raw_entity_label,entity_role,graph_entity_label,graph_entity_type,graph_include_candidate,study_doi,study_title,claim_type,clinical_context_condition,graph_exclusion_reason,outcome_type,outcome_domain,result_direction,outcome_measure,population,system,authors,study_year,paper_type,source,source_type,source_family,paper_assessment_route,evidence_strength,support,confidence,needs_human_review,supporting_quote,access_level,evidence_location,evidence_locator,study_design,funding,conflicts_of_interest,risk_of_bias_summary,notes,study_journal,publication_type,publication_date,journal_issn,journal_eissn,publisher,mesh_terms,keywords,language,sample_size_total,comparator,intervention_or_exposure,dose,route,session_count_or_duration,timepoint,effect_size,p_value,confidence_interval,adverse_events,evidence_level,normalization_dataset,normalization_entity_category,compound_match_type,entity_match_type,compound_match_value,entity_match_value,compound_registry_status,entity_registry_status,compound_ids,entity_ids,entity_candidate_label,entity_candidate_score
not_graph_candidate,graph_include_candidate is false,Ketamine,,not_applicable,Ketamine,,,,,,Emergence agitation (EA),symptom_or_problem,none,none,False,10.1186/s12888-024-05525-5,Effect of three modalities on emergence agitation among post-traumatic stress disorder patients undergoing laparoscopy: a randomized controlled study,compound_disorder,Post-traumatic stress disorder patients undergoing gynecological laparoscopic surgery,"Perioperative outcome, not a core therapeutic indication for the knowledge graph.",clinical_outcome,psychiatric_symptoms,positive,Riker sedation-agitation scores,Adult women (18-45 years old) with PTSD,clinical,Heba Ahmed Abdelaziz; Yomna E. Dean; Ahmed Mohamed Ahmed Elshafie,2024,primary_results,doi,primary_study,original_empirical,primary_evidence,uncertain,supported,1.0,False,"On Riker sedation-agitation scores, group 2 was 175 times more likely to be non-agitated (175 (19.932-1536.448), p<0.001)",full_text_seen,abstract,C001,randomized control trial,,,,Projected from extraction_v1; support=supported; confidence=1.0; needs_human_review=False,BMC Psychiatry,journal-article,2024-01-29,1471-244X,1471-244X,Springer Science and Business Media LLC,"Adult | Humans | Female | Adolescent | Young Adult | Middle Aged | Ketamine | Emergence Delirium / etiology | Emergence Delirium / prevention & control | Stress Disorders, Post-Traumatic / etiology | Pandemics | Laparoscopy",Anesthesia | Breathing | Emergence agitation | Ketamine | PTSD,eng,144,control group,intra-operative Ketamine,0.5 mg/Kg,intravenous,single intra-operative administration,emergence from anesthesia,,,,not_reported,high,disorder,disorders,fuzzy_high_confidence,,Ketamine,not_applicable,needs_external_id_lookup,,{},{},,0.0
not_graph_candidate,graph_include_candidate is false,Ketamine,,not_applicable,Ketamine,,,,,,Emergence agitation (EA),symptom_or_problem,none,none,False,10.1186/s12888-024-05525-5,Effect of three modalities on emergence agitation among post-traumatic stress disorder patients undergoing laparoscopy: a randomized controlled study,compound_disorder,Post-traumatic stress disorder patients undergoing gynecological laparoscopic surgery,"Perioperative outcome, not a core therapeutic indication for the knowledge graph.",clinical_outcome,psychiatric_symptoms,positive,Riker sedation-agitation scores,Adult women (18-45 years old) with PTSD,clinical,Heba Ahmed Abdelaziz; Yomna E. Dean; Ahmed Mohamed Ahmed Elshafie,2024,primary_results,doi,primary_study,original_empirical,primary_evidence,uncertain,supported,1.0,False,"On Riker sedation-agitation scores, ... group 3 was protected against agitation.",full_text_seen,abstract,C001,randomized control trial,,,,Projected from extraction_v1; support=supported; confidence=1.0; needs_human_review=False,BMC Psychiatry,journal-article,2024-01-29,1471-244X,1471-244X,Springer Science and Business Media LLC,"Adult | Humans | Female | Adolescent | Young Adult | Middle Aged | Ketamine | Emergence Delirium / etiology | Emergence Delirium / prevention & control | Stress Disorders, Post-Traumatic / etiology | Pandemics | Laparoscopy",Anesthesia | Breathing | Emergence agitation | Ketamine | PTSD,eng,144,control group,pre-operative relaxation techniques and intra-operative Ketamine,0.5 mg/Kg,intravenous,single intra-operative administration,emergence from anesthesia,,,,not_reported,high,disorder,disorders,fuzzy_high_confidence,,Ketamine,not_applicable,needs_external_id_lookup,,{},{},,0.0
entity_unmapped,graph entity `pain` did not match registry,Ketamine,,pain,Ketamine,,,,,,thermal nociceptive threshold,outcome_measure,pain,indication,True,10.1016/j.curtheres.2021.100627,Intranasal Ketamine for Acute Pain: Behavioral and Neurophysiological Safety Analysis in Mice.,compound_disorder,not_applicable,not_applicable,therapeutic_effect,pain,positive,thermal nociceptive threshold,C57BL/6J female mice,preclinical,Goswami N; Aleem M; Manda K,2021,primary_results,doi,primary_study,original_empirical,primary_evidence,uncertain,supported,1.0,False,INK administration significantly augmented the thermal nociceptive threshold and alleviated the pain response in the tonic phase of the formalin test. The results showed the dose-independent effectiveness of ketamine for thermal nociceptive responses because there were no significant differences among different INK dose groups.,full_text_seen,abstract,"C001, C011, F001",Experimental animal study,,,,Projected from extraction_v1; support=supported; confidence=1; needs_human_review=False,"Current therapeutic research, clinical and experimental",Journal Article,2021-03-11,0011-393X,,,,behavior | ketamine | neurophysiological safety | pain | phenotyping,eng,n=7 per group,control (saline),Intranasal ketamine (INK),"20 mg/kg, 5 mg/kg, and 1 mg/kg",intranasal,single administration,30 minutes post-administration,,,,not_reported,low,disorder,disorders,fuzzy_high_confidence,,Ketamine,pain,needs_external_id_lookup,,{},{},,0.0
entity_unmapped,graph entity `pain` did not match registry,Ketamine,,pain,Ketamine,,,,,,pain response in the tonic phase of the formalin test,outcome_measure,pain,indication,True,10.1016/j.curtheres.2021.100627,Intranasal Ketamine for Acute Pain: Behavioral and Neurophysiological Safety Analysis in Mice.,compound_disorder,not_applicable,not_applicable,therapeutic_effect,pain,positive,formalin-induced pain (tonic phase),C57BL/6J female mice,preclinical,Goswami N; Aleem M; Manda K,2021,primary_results,doi,primary_study,original_empirical,primary_evidence,uncertain,supported,1.0,False,INK administration significantly augmented the thermal nociceptive threshold and alleviated the pain response in the tonic phase of the formalin test. ... INK (1 mg/kg) markedly inhibited the formalin-induced pain in the tonic phase as indicated by a significant decrease ( P < 0.05) in the time spent licking/biting.,full_text_seen,abstract,"C001, C011, F002",Experimental animal study,,,,Projected from extraction_v1; support=supported; confidence=1; needs_human_review=False,"Current therapeutic research, clinical and experimental",Journal Article,2021-03-11,0011-393X,,,,behavior | ketamine | neurophysiological safety | pain | phenotyping,eng,n=7,saline,Intranasal ketamine (INK),1 mg/kg,intranasal,single administration,tonic phase (15-20 minutes),,,,not_reported,low,disorder,disorders,fuzzy_high_confidence,,Ketamine,pain,needs_external_id_lookup,,{},{},,0.0
not_graph_candidate,graph_include_candidate is false,Ketamine,,not_applicable,Ketamine,,,,,,anxiety-like functions,physiological_measure,not_applicable,none,False,10.1016/j.curtheres.2021.100627,Intranasal Ketamine for Acute Pain: Behavioral and Neurophysiological Safety Analysis in Mice.,compound_disorder,not_applicable,"Behavioral safety measure, not a therapeutic indication for anxiety.",safety_or_adverse_event,behavioral,null,anxiety-like functions (center exploratory activity),healthy C57BL/6J female mice,preclinical,Goswami N; Aleem M; Manda K,2021,primary_results,doi,primary_study,original_empirical,primary_evidence,uncertain,supported,1.0,False,Behavioral safety analysis using the open field exploratory test revealed no significant effect of INK on anxiety-like functions in healthy mice.,full_text_seen,abstract,"C001, C012, F004",Experimental animal study,,,,Projected from extraction_v1; support=supported; confidence=1; needs_human_review=False,"Current therapeutic research, clinical and experimental",Journal Article,2021-03-11,0011-393X,,,,behavior | ketamine | neurophysiological safety | pain | phenotyping,eng,n=7 per group,control,Intranasal ketamine (INK),"20 mg/kg, 5 mg/kg, and 1 mg/kg",intranasal,single administration,30 minutes post-administration,,,,not_reported,low,disorder,disorders,fuzzy_high_confidence,,Ketamine,not_applicable,needs_external_id_lookup,,{},{},,0.0
not_graph_candidate,graph_include_candidate is false,Ketamine,,not_applicable,Ketamine,,,,,,stereotypic movement,physiological_measure,not_applicable,none,False,10.1016/j.curtheres.2021.100627,Intranasal Ketamine for Acute Pain: Behavioral and Neurophysiological Safety Analysis in Mice.,compound_disorder,not_applicable,Behavioral safety measure.,safety_or_adverse_event,behavioral,negative,stereotypic movement,healthy C57BL/6J female mice,preclinical,Goswami N; Aleem M; Manda K,2021,primary_results,doi,primary_study,original_empirical,primary_evidence,uncertain,supported,1.0,False,"However, INK mice showed significantly more stereotypic movement but slower locomotor activities. ... Post hoc multiple comparisons revealed a significant increase in stereotypic movements in treated groups at every dose in comparison to the control group ( P < 0.05).",full_text_seen,abstract,"C001, C012, F004",Experimental animal study,,,,Projected from extraction_v1; support=supported; confidence=1; needs_human_review=False,"Current therapeutic research, clinical and experimental",Journal Article,2021-03-11,0011-393X,,,,behavior | ketamine | neurophysiological safety | pain | phenotyping,eng,n=7 per group,control,Intranasal ketamine (INK),"20 mg/kg, 5 mg/kg, and 1 mg/kg",intranasal,single administration,30 minutes post-administration,,,,not_reported,low,disorder,disorders,fuzzy_high_confidence,,Ketamine,not_applicable,needs_external_id_lookup,,{},{},,0.0
not_graph_candidate,graph_include_candidate is false,Ketamine,,not_applicable,Ketamine,,,,,,locomotor activities,physiological_measure,not_applicable,none,False,10.1016/j.curtheres.2021.100627,Intranasal Ketamine for Acute Pain: Behavioral and Neurophysiological Safety Analysis in Mice.,compound_disorder,not_applicable,Behavioral safety measure.,safety_or_adverse_event,behavioral,negative,locomotor activity,healthy C57BL/6J female mice,preclinical,Goswami N; Aleem M; Manda K,2021,primary_results,doi,primary_study,original_empirical,primary_evidence,uncertain,supported,1.0,False,"However, INK mice showed significantly more stereotypic movement but slower locomotor activities. ... Post hoc analysis showed a significant decrease in locomotor activity of treated groups compared with the control group ( P < 0.001; 5 mg/kg and 1 mg/kg and P < 0.05; 20 mg/kg).",full_text_seen,abstract,"C001, C012, C015, F003",Experimental animal study,,,,Projected from extraction_v1; support=supported; confidence=1; needs_human_review=False,"Current therapeutic research, clinical and experimental",Journal Article,2021-03-11,0011-393X,,,,behavior | ketamine | neurophysiological safety | pain | phenotyping,eng,n=7 per group,control,Intranasal ketamine (INK),"20 mg/kg, 5 mg/kg, and 1 mg/kg",intranasal,single administration,early phase (5 minutes) of open field exploration,,,,mild sedative effect,low,disorder,disorders,fuzzy_high_confidence,,Ketamine,not_applicable,needs_external_id_lookup,,{},{},,0.0
not_graph_candidate,graph_include_candidate is false,Ketamine,,not_applicable,Ketamine,,,,,,EEG signal power spectrum density in the α range,physiological_measure,not_applicable,none,False,10.1016/j.curtheres.2021.100627,Intranasal Ketamine for Acute Pain: Behavioral and Neurophysiological Safety Analysis in Mice.,compound_disorder,not_applicable,Neurophysiological safety measure/biomarker.,safety_or_adverse_event,neurophysiological,negative,EEG signal power spectrum density in the α band,healthy C57BL/6J female mice,preclinical,Goswami N; Aleem M; Manda K,2021,primary_results,doi,primary_study,original_empirical,primary_evidence,uncertain,supported,1.0,False,The electroencephalography signal power spectrum density analysis revealed no significant changes by INK administration except a lower value in the α range. ... The PSD value in the α band was significantly reduced following INK administration (20 mg/kg) compared with the control (baseline) ( Figure 6 C ).,full_text_seen,abstract,"C001, C014, F006",Experimental animal study,,,,Projected from extraction_v1; support=supported; confidence=1; needs_human_review=False,"Current therapeutic research, clinical and experimental",Journal Article,2021-03-11,0011-393X,,,,behavior | ketamine | neurophysiological safety | pain | phenotyping,eng,n=7 per group (implied),control (baseline),Intranasal ketamine (INK),20 mg/kg,intranasal,single administration,post-administration,,,,not_reported,low,disorder,disorders,fuzzy_high_confidence,,Ketamine,not_applicable,needs_external_id_lookup,,{},{},,0.0
not_graph_candidate,graph_include_candidate is false,Ketamine,,not_applicable,Ketamine,,,,,,"heart rate, diastolic blood pressure, or systolic blood pressure",physiological_measure,not_applicable,none,False,10.1016/j.curtheres.2021.100627,Intranasal Ketamine for Acute Pain: Behavioral and Neurophysiological Safety Analysis in Mice.,compound_disorder,not_applicable,Hemodynamic safety measure.,safety_or_adverse_event,cardiovascular,null,"heart rate, diastolic blood pressure, systolic blood pressure",healthy C57BL/6J female mice,preclinical,Goswami N; Aleem M; Manda K,2021,primary_results,doi,primary_study,original_empirical,primary_evidence,uncertain,supported,1.0,False,"No significant changes were reported in heart rate, diastolic blood pressure, or systolic blood pressure at the higher dose equivalent used in the pain model. ... The effect of INK on the systolic pressure, diastolic pressure, mean blood pressure, and heart rate was significantly not different from the control mice ( Figure 5 A-5 D ).",full_text_seen,abstract,"C001, C013, F005",Experimental animal study,,,,Projected from extraction_v1; support=supported; confidence=1; needs_human_review=False,"Current therapeutic research, clinical and experimental",Journal Article,2021-03-11,0011-393X,,,,behavior | ketamine | neurophysiological safety | pain | phenotyping,eng,n=7 per group,control,Intranasal ketamine (INK),20 mg/kg,intranasal,single administration,30 minutes post-administration,,,,not_reported,low,disorder,disorders,fuzzy_high_confidence,,Ketamine,not_applicable,needs_external_id_lookup,,{},{},,0.0
