line_no,doi,compound,entity,title,year,authors,existing_sources
7,10.1038/s41586-025-10061-7,DOI,5-HT2A,Psychedelics elicit their effects by 5-HT(2A) receptor-mediated G(i) signalling.,2026,Xu Z; Wang H; Yu J; Deng Y; Tian X; Ni R; Xia F; Yang L; Xu C; Zhang L,candidate_paper_corpus | mechanistic:paper_library
9,10.1038/s41386-025-02313-x,DOI,5-HT2A,"Stereoselective, sex-dependent 5-HT(2A) receptor modulation of cortical plasticity by MDMA in mice.",2026,Gaines-Smith MC; Silverman JM; Fiorillo M; Younkin J; Moore KN; Maltman JL; de la Fuente Revenga M; Wolstenholme JT; Glennon RA; Dukat M,candidate_paper_corpus | mechanistic:paper_library | mechanistic:stubs
10,10.1038/s41380-025-03325-1,DOM,5-HT2A,"The 4-alkyl chain length of 2,5-dimethoxyamphetamines differentially affects in vitro serotonin receptor actions versus in vivo psychedelic-like effects.",2026,Luethi D; Glatfelter GC; Pottie E; Sellitti F; Maitland AD; Gonzalez NR; Kryszak LA; Jackson SN; Hoener MC; Stove CP,candidate_paper_corpus | disorder:paper_library | mechanistic:paper_library
11,10.1016/j.ejphar.2025.178170,DOM,5-HT2A,"2,5-Dimethoxy-4-methylamphetamine (DOM)-induced gait alterations in mice: Dissecting the role of 5-HT(2A/2C) receptor-mediated mechanisms.",2025,Li B; Jiang S; Yao Y; Yu G; Su R,candidate_paper_corpus | disorder:paper_library | mechanistic:paper_library | mechanistic:stubs
13,10.1111/bph.70138,DOI,5-HT2A,Are we hallucinating or can psychedelic drugs modulate the immune system to control inflammation?,2025,Qureshi O; Cowley J; Pegg A; Cooper AJ; Gordon J; Brady CA; Belli A; Butterworth S; Upthegrove R; Andrews N,candidate_paper_corpus | disorder:paper_library | mechanistic:paper_library
14,10.1007/s43440-024-00679-1,DOI,5-HT2A,Assessing the effects of 5-HT(2A) and 5-HT(5A) receptor antagonists on DOI-induced head-twitch response in male rats using marker-less deep learning algorithms.,2025,Cyrano E; Popik P,candidate_paper_corpus | mechanistic:curated | mechanistic:paper_library | mechanistic:stubs
16,10.1002/hup.70019,R-ketamine,Sigma-1 receptor (SIGMAR1),Could R-Ketamine and Wolfram Syndrome Inform Understanding of Depression and Suicidality? A Sigma-1 Receptor-Based Perspective.,2025,Kalkman HO; Smigielski L,candidate_paper_corpus | mechanistic:paper_library | mechanistic:stubs
18,10.1021/acschemneuro.5c00468,DOI,SERT (SLC6A4),Dual Modulation of 5-HT(2A) Receptors and SERT by α-Ethyltryptamine and Its Optical Isomers.,2025,Silverman JM; Fiorillo M; Younkin J; Jones CB; Maltman JL; Herszenhorn I; Artigas A; Wolstenholme JT; Dukat M; González-Maeso J,candidate_paper_corpus | mechanistic:paper_library | mechanistic:stubs
19,10.1038/s41386-025-02129-9,R-ketamine,NMDA receptor,"Effects of NMDA receptor antagonists on working memory and gamma oscillations, and the mediating role of the GluN2D subunit.",2025,Vinnakota C; Hudson MR; Ikeda K; Ide S; Mishina M; Sundram S; Jones NC; Hill RA,candidate_paper_corpus | mechanistic:paper_library | mechanistic:stubs
21,10.1111/bph.70109,DOI,5-HT2A,Evidence that 5-HT(2A) receptor signalling efficacy and not biased agonism differentiates serotonergic psychedelic from non-psychedelic drugs.,2025,Ippolito A; Vasudevan S; Hurley S; Gilmour G; Westhorpe F; Churchill G; Sharp T,candidate_paper_corpus | disorder:paper_library | mechanistic:paper_library
22,10.1002/14651858.cd015373.pub2,DOI,NMDA receptor,Ketamine and other NMDA receptor antagonists for chronic pain.,2025,Ferraro MC; Cashin AG; Visser EJ; Abdel Shaheed C; Wewege MA; Wand BM; Gustin SM; O'Connell NE; McAuley JH,candidate_paper_corpus | disorder:exploratory | disorder:paper_library | disorder:stubs
23,10.1016/j.jare.2025.11.034,DOI,5-HT2A,Lactoferrin alleviates non-alcoholic steatohepatitis via remodeling gut microbiota to regulate serotonin-related pathways.,2025,Ding L; Xu JY; Zhang LL; Liu Y; Gu KT; Liang YZ; Hidayat K; Wan Z; Chen GC; Qin LQ,candidate_paper_corpus | mechanistic:paper_library
25,10.1016/j.dmd.2025.100086,2C-B,5-HT2A,"Liquid chromatography-tandem mass spectrometry-based pharmacokinetic and metabolic analysis of 4-bromo-2,5-dimethoxyphenethylamine and its metabolites in human plasma.",2025,Thomann J; Rudin D; Kraus S; Arikci D; Holze F; Liechti ME; Luethi D,candidate_paper_corpus | mechanistic:paper_library | mechanistic:stubs
26,10.1021/acs.est.4c09276,DOI,5-HT2A,Long-Term Exposure to Tire-Derived 6-PPD Quinone Causes Neurotoxicity and Neuroinflammation via Inhibition of HTR2A in C57BL/6 Mice.,2025,Ma CS; Liu YX; Han B; Bai M; Li DL; Meng SC; Zhang LY; Duan MY; He MT,candidate_paper_corpus | mechanistic:paper_library | mechanistic:stubs
28,10.1002/npr2.70075,DOI,kappa opioid receptor (OPRK1),Possible Involvement of Hallucinogenic Effects in the Aversive Effects Induced by Kappa-Opioid and 5-HT(2A) (/2C) Receptor Agonists in Mice.,2025,Kato H; Ichimaru Y; Kurihara M; Sogawa K; Funada M; Suzuki T,mechanistic:paper_library
29,10.1038/s41593-025-02069-z,DOI,5-HT2A,Psychedelic 5-HT(2A) receptor agonism alters neurovascular coupling and differentially affects neuronal and hemodynamic measures of brain function.,2025,Padawer-Curry JA; Krentzman OJ; Kuo CC; Wang X; Bice AR; Nicol GE; Snyder AZ; Siegel JS; McCall JG; Bauer AQ,candidate_paper_corpus | disorder:paper_library | mechanistic:paper_library
30,10.1176/appi.ajp.20240378,R-ketamine,NMDA receptor,Redefining Ketamine Pharmacology for Antidepressant Action: Synergistic NMDA and Opioid Receptor Interactions?,2025,Levinstein MR; Budinich RC; Bonaventura J; Schatzberg AF; Zarate CA Jr; Michaelides M,candidate_paper_corpus | disorder:paper_library | mechanistic:curated | mechanistic:paper_library
31,10.1007/s00213-023-06482-9,DOI,5-HT2C,Serotonin 2C receptors are also important in head-twitch responses in male mice.,2025,Custodio RJP; Ortiz DM; Lee HJ; Sayson LV; Kim M; Lee YS; Kim KM; Cheong JH; Kim HJ,candidate_paper_corpus | mechanistic:paper_library
33,10.3390/ijms25126804,R-ketamine,NMDA receptor,(R)-(-)-Ketamine: The Promise of a Novel Treatment for Psychiatric and Neurological Disorders.,2024,Shafique H; Demers JC; Biesiada J; Golani LK; Cerne R; Smith JL; Szostak M; Witkin JM,candidate_paper_corpus | disorder:paper_library | disorder:stubs | mechanistic:paper_library | mechanistic:stubs
34,10.1016/j.bbr.2024.115051,DOI,5-HT1A,"5-HT(1A) and 5-HT(2A) receptor effects on recognition memory, motor/exploratory behaviors, emotionality and regional dopamine transporter binding in the rat.",2024,Nikolaus S; Chao OY; Henke J; Beu M; Fazari B; Almeida FR; Abdel-Hafiz L; Antke C; Hautzel H; Mamlins E,mechanistic:paper_library
39,10.1016/j.pneurobio.2024.102660,DOI,5-HT2A,"Distinct 5-HT receptor subtypes regulate claustrum excitability by serotonin and the psychedelic, DOI.",2024,Anderson TL; Keady JV; Songrady J; Tavakoli NS; Asadipooya A; Neeley RE; Turner JR; Ortinski PI,candidate_paper_corpus | disorder:paper_library | mechanistic:paper_library
41,10.1213/ane.0000000000006851,R-ketamine,NMDA receptor,"Esketamine: Less Drowsiness, More Analgesia.",2024,Mion G; Himmelseher S,candidate_paper_corpus | mechanistic:paper_library | mechanistic:stubs
42,10.1007/s00210-023-02778-x,DOI,5-HT2A,Ethopharmacological evaluation of antidepressant-like effect of serotonergic psychedelics in C57BL/6J male mice.,2024,Takaba R; Ibi D; Yoshida K; Hosomi E; Kawase R; Kitagawa H; Goto H; Achiwa M; Mizutani K; Maeda K,candidate_paper_corpus | disorder:paper_library | mechanistic:paper_library
43,10.1124/molpharm.124.000947,R-ketamine,NMDA receptor,Ketamine and Major Ketamine Metabolites Function as Allosteric Modulators of Opioid Receptors.,2024,Gomes I; Gupta A; Margolis EB; Fricker LD; Devi LA,candidate_paper_corpus | mechanistic:paper_library
44,10.1016/j.jatmed.2024.07.001,R-ketamine,NMDA receptor,Ketamine and its two enantiomers in anesthesiology and psychiatry: A historical review and future directions.,2024,Hashimoto K; Zhao M; Zhu T; Wang X; Yang J,candidate_paper_corpus | disorder:exploratory | disorder:paper_library | mechanistic:exploratory | mechanistic:paper_library
45,10.1038/s41398-024-03176-4,R-ketamine,TrkB (NTRK2),Ketamine attenuates kidney damage and depression-like behaviors in mice with cisplatin-induced acute kidney injury.,2024,Huang T; He Y; Cheng R; Zhang Q; Zhong X; Hashimoto K; Liu Y; Pu Y,candidate_paper_corpus | mechanistic:paper_library
49,10.1101/2023.09.23.559145,DOI,5-HT2A,Psychedelic 5-HT2A receptor agonism: neuronal signatures and altered neurovascular coupling.,2024,Padawer-Curry JA; Krentzman OJ; Kuo CC; Wang X; Bice AR; Nicol GE; Snyder AZ; Siegel JS; McCall JG; Bauer AQ,candidate_paper_corpus | disorder:paper_library | mechanistic:paper_library | mechanistic:stubs
50,10.1080/19490976.2024.2310603,R-ketamine,TrkB (NTRK2),Repeated (S)-ketamine administration ameliorates the spatial working memory impairment in mice with chronic pain: role of the gut microbiota-brain axis.,2024,Jiang Y; Wang X; Chen J; Zhang Y; Hashimoto K; Yang JJ; Zhou Z,candidate_paper_corpus | disorder:curated | disorder:exploratory | disorder:paper_library
51,10.1101/2024.10.11.617861,DOI,5-HT2A,Snapshot of 5-HT (2A) receptor activation in the mouse brain via IP (1) detection.,2024,de la Fuente Revenga M; González-Maeso J,candidate_paper_corpus | mechanistic:paper_library | mechanistic:stubs
52,10.1016/j.neuropharm.2024.110163,DOI,5-HT2A,The psychedelic drug DOI reduces heroin motivation by targeting 5-HT2A receptors in a heroin and alcohol co-use model.,2024,Bonilla J; Giannotti G; Kregar NP; Heinsbroek JA; Olson DE; Peters J,candidate_paper_corpus | disorder:paper_library | mechanistic:paper_library | mechanistic:stubs
53,10.3390/molecules28114346,R-ketamine,NMDA receptor,Binding Affinity and Mechanisms of Potential Antidepressants Targeting Human NMDA Receptors.,2023,Ye S; Han Y; Wei Z; Li J,candidate_paper_corpus | mechanistic:curated | mechanistic:paper_library
57,10.1016/j.pbb.2023.173523,R-ketamine,NMDA receptor,Differentially regulated targets in the fast-acting antidepressant effect of (R)-ketamine: A systems biology approach.,2023,Scotton E; Casa PL; de Abreu FP; de Avila E Silva S; Wilges RLB; Rossetto MV; Géa LP; Rosa AR; Colombo R,candidate_paper_corpus | mechanistic:paper_library
60,10.3390/ph16071013,R-ketamine,NMDA receptor,Exploring the Molecular Targets for the Antidepressant and Antisuicidal Effects of Ketamine Enantiomers by Using Network Pharmacology and Molecular Docking.,2023,Altê GA; Rodrigues ALS,candidate_paper_corpus | mechanistic:paper_library | mechanistic:stubs
64,10.1016/j.neuropharm.2022.109305,R-ketamine,NMDA receptor,Ketamine and its metabolites: Potential as novel treatments for depression.,2023,Zhang K; Yao Y; Hashimoto K,candidate_paper_corpus | mechanistic:paper_library
65,10.3390/ph16050742,R-ketamine,NMDA receptor,Ketamine and the Disinhibition Hypothesis: Neurotrophic Factor-Mediated Treatment of Depression.,2023,Borsellino P; Krider RI; Chea D; Grinnell R; Vida TA,candidate_paper_corpus | disorder:paper_library | disorder:stubs | mechanistic:paper_library | mechanistic:stubs
66,10.1021/acschemneuro.2c00597,DOM,5-HT2A,Pharmacological Mechanism of the Non-hallucinogenic 5-HT(2A) Agonist Ariadne and Analogs.,2023,Cunningham MJ; Bock HA; Serrano IC; Bechand B; Vidyadhara DJ; Bonniwell EM; Lankri D; Duggan P; Nazarova AL; Cao AB,candidate_paper_corpus | disorder:paper_library | mechanistic:paper_library
67,10.3389/fphar.2023.1021729,DOM,5-HT2A,Rearing behaviour in the mouse behavioural pattern monitor distinguishes the effects of psychedelics from those of lisuride and TBG.,2023,Chen Y; Liu J; Yao Y; Yan H; Su R,candidate_paper_corpus | disorder:paper_library | mechanistic:paper_library
69,10.1016/j.neuropharm.2022.109313,R-ketamine,NMDA receptor,Roles of the monoaminergic system in the antidepressant effects of ketamine and its metabolites.,2023,Ago Y; Yokoyama R; Asano S; Hashimoto H,candidate_paper_corpus | mechanistic:paper_library
71,10.1016/j.pharmthera.2023.108431,R-ketamine,NMDA receptor,The antidepressant actions of ketamine and its enantiomers.,2023,Johnston JN; Henter ID; Zarate CA Jr,candidate_paper_corpus | disorder:paper_library | mechanistic:paper_library
72,10.1186/s12868-021-00686-5,DOI,5-HT1A,An ontogenic study of receptor mechanisms by which acute administration of low-doses of methamphetamine suppresses DOI-induced 5-HT(2A)-receptor mediated head-twitch response in mice.,2022,Sun Y; Chebolu S; Henry D; Lankireddy S; Darmani NA,candidate_paper_corpus | mechanistic:paper_library | mechanistic:stubs
73,10.1016/j.neuropharm.2022.109219,R-ketamine,NMDA receptor,"Arketamine, a new rapid-acting antidepressant: A historical review and future directions.",2022,Zhang JC; Yao W; Hashimoto K,candidate_paper_corpus | disorder:exploratory | disorder:paper_library | disorder:stubs | mechanistic:paper_library | mechanistic:stubs
74,10.3390/ph15020125,R-ketamine,AMPA receptor,Combined Administration of (R)-Ketamine and the mGlu2/3 Receptor Antagonist LY341495 Induces Rapid and Sustained Effects in the CUMS Model of Depression via a TrkB/BDNF-Dependent Mechanism.,2022,Rafało-Ulińska A; Brański P; Pałucha-Poniewiera A,mechanistic:paper_library
76,10.1038/s41386-022-01324-2,DOI,5-HT2A,Effects of a psychedelic 5-HT2A receptor agonist on anxiety-related behavior and fear processing in mice.,2022,Pędzich BD; Rubens S; Sekssaoui M; Pierre A; Van Schuerbeek A; Marin P; Bockaert J; Valjent E; Bécamel C; De Bundel D,candidate_paper_corpus | disorder:paper_library | mechanistic:paper_library
83,10.1038/s41380-021-01121-1,R-ketamine,NMDA receptor,Molecular mechanisms underlying the antidepressant actions of arketamine: beyond the NMDA receptor.,2022,Wei Y; Chang L; Hashimoto K,candidate_paper_corpus | disorder:paper_library | mechanistic:curated | mechanistic:paper_library
86,10.3390/cells11193035,DOI,5-HT2A,Presynaptic 5-HT(2A)-mGlu2/3 Receptor-Receptor Crosstalk in the Prefrontal Cortex: Metamodulation of Glutamate Exocytosis.,2022,Taddeucci A; Olivero G; Roggeri A; Milanese C; Giorgio FPD; Grilli M; Marchi M; Garrone B; Pittaluga A,candidate_paper_corpus | mechanistic:paper_library
88,10.3390/ijms232315284,DOI,5-HT2A,Psychedelic-Induced Serotonin 2A Receptor Downregulation Does Not Predict Swim Stress Coping in Mice.,2022,Pędzich BD; Medrano M; Buckinx A; Smolders I; De Bundel D,candidate_paper_corpus | disorder:paper_library | mechanistic:paper_library | mechanistic:stubs
91,10.3390/ijerph19116619,DOB,5-HT2A,Spatiotemporal Mapping of Online Interest in Cannabis and Popular Psychedelics before and during the COVID-19 Pandemic in Poland.,2022,Al-Imam A; Motyka MA; Witulska Z; Younus M; Michalak M,candidate_paper_corpus | disorder:paper_library | mechanistic:paper_library
95,10.1021/acschemneuro.2c00170,DOI,5-HT2A,Tolerance and Cross-Tolerance among Psychedelic and Nonpsychedelic 5-HT(2A) Receptor Agonists in Mice.,2022,de la Fuente Revenga M; Jaster AM; McGinn J; Silva G; Saha S; González-Maeso J,candidate_paper_corpus | disorder:paper_library | mechanistic:paper_library | mechanistic:stubs
96,10.1007/s00115-021-01225-7,R-ketamine,NMDA receptor,[Rapid-acting antidepressants-neurobiological mechanisms of action].,2022,Gass P; Vasilescu AN; Inta D,candidate_paper_corpus | mechanistic:paper_library
97,10.1093/jat/bkaa022,2C-I,5-HT2A,"2-(4-Iodo-2,5-dimethoxyphenyl)-N-[(2-methoxyphenyl)methyl]ethanamine (25I-NBOME): A Harmful Hallucinogen Review.",2021,Kamińska K; Świt P; Malek K,candidate_paper_corpus | mechanistic:paper_library | mechanistic:stubs
102,10.1016/j.ejphar.2021.173954,R-ketamine,TrkB (NTRK2),"Dextran sulfate sodium-induced inflammation and colitis in mice are ameliorated by (R)-ketamine, but not (S)-ketamine: A role of TrkB signaling.",2021,Fujita Y; Hashimoto Y; Hashimoto H; Chang L; Hashimoto K,mechanistic:paper_library
104,10.1097/fbp.0000000000000628,DOI,5-HT2A,"Effects of 5-HT2A receptor agonist 2,5-dimethoxy-4-iodoamphetamine on alcohol consumption in Long-Evans rats.",2021,Berquist MD; Fantegrossi WE,candidate_paper_corpus | mechanistic:paper_library | mechanistic:stubs
105,10.1016/j.eplepsyres.2021.106677,DOI,5-HT2C,Evaluation of lorcaserin as an anticonvulsant in juvenile Fmr1 knockout mice.,2021,Saraf TS; Felsing DE; Armstrong JL; Booth RG; Canal CE,candidate_paper_corpus | mechanistic:paper_library
106,10.1080/09540261.2020.1854194,R-ketamine,NMDA receptor,Ketamine for depression.,2021,Jelen LA; Stone JM,candidate_paper_corpus | disorder:paper_library | disorder:stubs | mechanistic:paper_library | mechanistic:stubs
107,10.1177/0269881120959644,R-ketamine,NMDA receptor,Ketamine: A tale of two enantiomers.,2021,Jelen LA; Young AH; Stone JM,candidate_paper_corpus | disorder:paper_library | mechanistic:curated | mechanistic:paper_library
108,10.1007/s40263-021-00816-x,R-ketamine,NMDA receptor,Novel Glutamatergic Modulators for the Treatment of Mood Disorders: Current Status.,2021,Henter ID; Park LT; Zarate CA Jr,candidate_paper_corpus | disorder:paper_library | mechanistic:paper_library
109,10.1038/s41380-021-01093-2,R-ketamine,kappa opioid receptor (OPRK1),Pharmacological and behavioral divergence of ketamine enantiomers: implications for abuse liability.,2021,Bonaventura J; Lam S; Carlton M; Boehm MA; Gomez JL; Solís O; Sánchez-Soto M; Morris PJ; Fredriksson I; Thomas CJ,candidate_paper_corpus | disorder:paper_library | mechanistic:paper_library
111,10.1016/j.celrep.2021.109836,DOI,5-HT2A,Prolonged epigenomic and synaptic plasticity alterations following single exposure to a psychedelic in mice.,2021,de la Fuente Revenga M; Zhu B; Guevara CA; Naler LB; Saunders JM; Zhou Z; Toneatti R; Sierra S; Wolstenholme JT; Beardsley PM,candidate_paper_corpus | mechanistic:paper_library
112,10.1016/j.pbb.2021.173152,R-ketamine,NMDA receptor,Rapid tolerance to behavioral effects of ethanol in rats: Prevention by R-(-)-ketamine.,2021,Shafique H; Witkin JM; Smith JL; Kaniecki K; Sporn J; Holuj M; Krawczyk M; Kuziak A; Popik P,candidate_paper_corpus | mechanistic:paper_library
113,10.1007/s00406-020-01231-x,R-ketamine,Sigma-1 receptor (SIGMAR1),Repurposing of CNS drugs to treat COVID-19 infection: targeting the sigma-1 receptor.,2021,Hashimoto K,candidate_paper_corpus | disorder:paper_library | mechanistic:paper_library
115,10.1038/s41586-021-03769-9,R-ketamine,NMDA receptor,Structural basis of ketamine action on human NMDA receptors.,2021,Zhang Y; Ye F; Zhang T; Lv S; Zhou L; Du D; Lin H; Guo F; Luo C; Zhu S,candidate_paper_corpus | mechanistic:paper_library | mechanistic:stubs
116,10.1016/j.bbr.2020.112861,DOI,5-HT2A,Acute serotonin 2A receptor activation impairs behavioral flexibility in mice.,2020,Amodeo DA; Hassan O; Klein L; Halberstadt AL; Powell SB,candidate_paper_corpus | mechanistic:paper_library | mechanistic:stubs
118,10.1007/s00204-020-02863-7,2C-B,5-HT2A,Correction to: In vitro structure-activity relationship determination of 30 psychedelic new psychoactive substances by means of β-arrestin 2 recruitment to the serotonin 2A receptor.,2020,Pottie E; Cannaert A; Stove CP,candidate_paper_corpus | mechanistic:paper_library
119,10.1021/acschemneuro.0c00129,DOI,5-HT2C,"Investigation of the 2,5-Dimethoxy Motif in Phenethylamine Serotonin 2A Receptor Agonists.",2020,Marcher-Rørsted E; Halberstadt AL; Klein AK; Chatha M; Jademyr S; Jensen AA; Kristensen JL,candidate_paper_corpus | mechanistic:paper_library | mechanistic:stubs
120,10.1097/wnr.0000000000001377,DOI,5-HT2B,"Involvement of 5-HT2A, 5-HT2B and 5-HT2C receptors in mediating the ventrolateral orbital cortex-induced antiallodynia in a rat model of neuropathic pain.",2020,Xu WJ; Wang YY; Zhao Y; Jia H; Tang JS; Huo FQ; Liu H,mechanistic:paper_library
121,10.1016/bs.apha.2020.02.005,R-ketamine,NMDA receptor,Ketamine for depression clinical issues.,2020,Iqbal SZ; Mathew SJ,candidate_paper_corpus | disorder:exploratory | disorder:paper_library | disorder:stubs | mechanistic:paper_library
122,10.1016/j.neuropharm.2020.107947,R-ketamine,NMDA receptor,"Ketamine increases vmPFC activity: Effects of (R)- and (S)-stereoisomers and (2R,6R)-hydroxynorketamine metabolite.",2020,Hare BD; Pothula S; DiLeone RJ; Duman RS,candidate_paper_corpus | mechanistic:paper_library
124,10.1016/j.bcp.2020.113935,R-ketamine,NMDA receptor,Molecular mechanisms of the rapid-acting and long-lasting antidepressant actions of (R)-ketamine.,2020,Hashimoto K,candidate_paper_corpus | mechanistic:paper_library | mechanistic:stubs
127,10.1016/j.pbb.2019.172839,R-ketamine,TrkB (NTRK2),"Phencyclidine-induced cognitive deficits in mice are ameliorated by subsequent repeated intermittent administration of (R)-ketamine, but not (S)-ketamine: Role of BDNF-TrkB signaling.",2020,Tan Y; Fujita Y; Qu Y; Chang L; Pu Y; Wang S; Wang X; Hashimoto K,candidate_paper_corpus | mechanistic:paper_library
131,10.1002/syn.22126,R-ketamine,NMDA receptor,(R)- and (S)-ketamine induce differential fMRI responses in conscious rats.,2019,Masaki Y; Kashiwagi Y; Watabe H; Abe K,candidate_paper_corpus | mechanistic:paper_library | mechanistic:stubs
132,10.1093/ijnp/pyz041,R-ketamine,AMPA receptor,(R)-Ketamine Induces a Greater Increase in Prefrontal 5-HT Release Than (S)-Ketamine and Ketamine Metabolites via an AMPA Receptor-Independent Mechanism.,2019,Ago Y; Tanabe W; Higuchi M; Tsukada S; Tanaka T; Yamaguchi T; Igarashi H; Yokoyama R; Seiriki K; Kasai A,candidate_paper_corpus | mechanistic:curated | mechanistic:paper_library
133,10.1016/j.celrep.2019.02.104,DOI,NET (SLC6A2),A Hallucinogenic Serotonin-2A Receptor Agonist Reduces Visual Response Gain and Alters Temporal Dynamics in Mouse V1.,2019,Michaiel AM; Parker PRL; Niell CM,candidate_paper_corpus | mechanistic:paper_library
135,10.1021/acschemneuro.9b00302,DOI,5-HT2A,Big Data Challenges Targeting Proteins in GPCR Signaling Pathways; Combining PTML-ChEMBL Models and [(35)S]GTPγS Binding Assays.,2019,Diez-Alarcia R; Yáñez-Pérez V; Muneta-Arrate I; Arrasate S; Lete E; Meana JJ; González-Díaz H,candidate_paper_corpus | mechanistic:paper_library | mechanistic:stubs
139,10.1038/s41598-019-49913-4,DOI,mGluR2 (GRM2),Fully automated head-twitch detection system for the study of 5-HT(2A) receptor pharmacology in vivo.,2019,de la Fuente Revenga M; Shin JM; Vohra HZ; Hideshima KS; Schneck M; Poklis JL; González-Maeso J,candidate_paper_corpus | disorder:paper_library | mechanistic:paper_library | mechanistic:stubs
142,10.3390/medicina55070393,DOI,NMDA receptor,Intra-Nasally Administered Oligopeptide Lunasin Acts as a Possible Anti-Psychotic Agent in Mice Models.,2019,Dzirkale Z; Nakurte I; Jekabsons K; Muceniece R; Klusa V,candidate_paper_corpus | mechanistic:curated | mechanistic:paper_library
144,10.1038/s41398-019-0624-1,R-ketamine,NMDA receptor,Molecular and cellular mechanisms underlying the antidepressant effects of ketamine enantiomers and its metabolites.,2019,Yang C; Yang J; Luo A; Hashimoto K,candidate_paper_corpus | disorder:paper_library | mechanistic:paper_library
145,10.1111/pcn.12902,R-ketamine,NMDA receptor,"Rapid-acting antidepressant ketamine, its metabolites and other candidates: A historical overview and future perspective.",2019,Hashimoto K,candidate_paper_corpus | disorder:paper_library | mechanistic:curated | mechanistic:paper_library
146,10.1016/bs.apha.2019.03.002,R-ketamine,NMDA receptor,Rapid-acting antidepressants.,2019,Witkin JM; Martin AE; Golani LK; Xu NZ; Smith JL,candidate_paper_corpus | mechanistic:paper_library
147,10.1093/cercor/bhy064,DOI,AMPA receptor,Sustained Activation of Postsynaptic 5-HT2A Receptors Gates Plasticity at Prefrontal Cortex Synapses.,2019,Berthoux C; Barre A; Bockaert J; Marin P; Bécamel C,candidate_paper_corpus | mechanistic:paper_library | mechanistic:stubs
150,10.1002/dta.2582,DOI,5-HT2A,The synthetic cathinone psychostimulant α-PPP antagonizes serotonin 5-HT(2A) receptors: In vitro and in vivo evidence.,2019,Chen Y; Blough BE; Murnane KS; Canal CE,candidate_paper_corpus | mechanistic:paper_library
152,10.1016/j.neuropharm.2018.01.020,DOM,SERT (SLC6A4),"""Ecstasy"" to addiction: Mechanisms and reinforcing effects of three synthetic cathinone analogs of MDMA.",2018,Dolan SB; Chen Z; Huang R; Gatch MB,candidate_paper_corpus | mechanistic:paper_library
153,10.1007/s40263-018-0519-3,R-ketamine,NMDA receptor,Antidepressant Efficacy and Tolerability of Ketamine and Esketamine: A Critical Review.,2018,Molero P; Ramos-Quiroga JA; Martin-Santos R; Calvo-Sánchez E; Gutiérrez-Rojas L; Meana JJ,candidate_paper_corpus | mechanistic:paper_library
155,10.1002/cmdc.201700810,R-ketamine,NMDA receptor,Comparative Pharmacological Study of Common NMDA Receptor Open Channel Blockers Regarding Their Affinity and Functional Activity toward GluN2A and GluN2B NMDA Receptors.,2018,Temme L; Schepmann D; Schreiber JA; Frehland B; Wünsch B,candidate_paper_corpus | mechanistic:paper_library | mechanistic:stubs
156,10.1016/j.neuropharm.2018.02.033,DOI,5-HT2C,"Comparative neuropharmacology of N-(2-methoxybenzyl)-2,5-dimethoxyphenethylamine (NBOMe) hallucinogens and their 2C counterparts in male rats.",2018,Elmore JS; Decker AM; Sulima A; Rice KC; Partilla JS; Blough BE; Baumann MH,candidate_paper_corpus | mechanistic:paper_library
160,10.1007/7854_2016_466,DOI,5-HT2C,Effect of Hallucinogens on Unconditioned Behavior.,2018,Halberstadt AL; Geyer MA,candidate_paper_corpus | disorder:paper_library | mechanistic:paper_library
161,10.1007/7854_2017_473,DOI,5-HT2A,Effects of Hallucinogens on Neuronal Activity.,2018,Lladó-Pelfort L; Celada P; Riga MS; Troyano-Rodríguez E; Santana N; Artigas F,candidate_paper_corpus | mechanistic:paper_library
163,10.1038/mp.2017.255,R-ketamine,NMDA receptor,Mechanisms of ketamine action as an antidepressant.,2018,Zanos P; Gould TD,candidate_paper_corpus | disorder:paper_library | mechanistic:paper_library
164,10.1038/s41386-018-0013-0,DOI,5-HT2B,Positive regulation of raphe serotonin neurons by serotonin 2B receptors.,2018,Belmer A; Quentin E; Diaz SL; Guiard BP; Fernandez SP; Doly S; Banas SM; Pitychoutis PM; Moutkine I; Muzerelle A,candidate_paper_corpus | mechanistic:paper_library
165,10.1080/09540261.2018.1481827,DOI,5-HT2A,Psychedelics as anti-inflammatory agents.,2018,Flanagan TW; Nichols CD,candidate_paper_corpus | disorder:paper_library | mechanistic:paper_library
166,10.1016/j.neuropharm.2018.09.004,DOI,SERT (SLC6A4),Reduced cortical serotonin 5-HT(2A) receptor binding and glutamate activity in high compulsive drinker rats.,2018,Mora S; Merchán A; Vilchez O; Aznar S; Klein AB; Ultved L; Campa L; Suñol C; Flores P; Moreno M,candidate_paper_corpus | mechanistic:paper_library
167,10.1111/bph.13809,DOI,kappa opioid receptor (OPRK1),Targeting multiple opioid receptors - improved analgesics with reduced side effects?,2018,Günther T; Dasgupta P; Mann A; Miess E; Kliewer A; Fritzwanker S; Steinborn R; Schulz S,candidate_paper_corpus | mechanistic:paper_library
168,10.1016/j.pharep.2018.02.011,R-ketamine,AMPA receptor,"The role of glutamatergic modulation in the mechanism of action of ketamine, a prototype rapid-acting antidepressant drug.",2018,Pałucha-Poniewiera A,candidate_paper_corpus | disorder:paper_library | mechanistic:paper_library
170,10.1007/s11419-017-0357-x,2C-I,5-HT2A,25I-NBOH: a new potent serotonin 5-HT(2A) receptor agonist identified in blotter paper seizures in Brazil.,2017,Arantes LC; Júnior EF; de Souza LF; Cardoso AC; Alcântara TLF; Lião LM; Machado Y; Lordeiro RA; Neto JC; Andrade AFB,candidate_paper_corpus | mechanistic:paper_library | mechanistic:stubs
171,10.1124/jpet.116.239228,R-ketamine,AMPA receptor,Antidepressant Potential of (R)-Ketamine in Rodent Models: Comparison with (S)-Ketamine.,2017,Fukumoto K; Toki H; Iijima M; Hashihayata T; Yamaguchi JI; Hashimoto K; Chaki S,mechanistic:paper_library
172,10.1016/j.neuropharm.2017.04.006,DOI,SERT (SLC6A4),Atypical binding at dopamine and serotonin transporters contribute to the discriminative stimulus effects of mephedrone.,2017,DeLarge AF; Erwin LL; Winsauer PJ,mechanistic:paper_library
173,10.2174/1570159x15666170221101054,R-ketamine,NMDA receptor,Beyond Ketamine: New Approaches to the Development of Safer Antidepressants.,2017,Chaki S,candidate_paper_corpus | mechanistic:paper_library
176,10.1016/j.tiv.2017.05.010,2C-B,SERT (SLC6A4),"Measuring inhibition of monoamine reuptake transporters by new psychoactive substances (NPS) in real-time using a high-throughput, fluorescence-based assay.",2017,Zwartsen A; Verboven AHA; van Kleef RGDM; Wijnolts FMJ; Westerink RHS; Hondebrink L,candidate_paper_corpus | mechanistic:paper_library | mechanistic:stubs
178,10.1016/j.neuropharm.2017.01.034,DOI,5-HT2C,Receptor-stimulated transamidation induces activation of Rac1 and Cdc42 and the regulation of dendritic spines.,2017,Mi Z; Si T; Kapadia K; Li Q; Muma NA,candidate_paper_corpus | mechanistic:paper_library
181,10.1124/jpet.115.228395,DOI,5-HT2C,5-HT2 Receptor Regulation of Mitochondrial Genes: Unexpected Pharmacological Effects of Agonists and Antagonists.,2016,Harmon JL; Wills LP; McOmish CE; Demireva EY; Gingrich JA; Beeson CC; Schnellmann RG,candidate_paper_corpus | mechanistic:paper_library
182,10.1016/j.ejmech.2016.03.073,DOI,5-HT2C,"5-HT2 receptor affinity, docking studies and pharmacological evaluation of a series of 1,3-disubstituted thiourea derivatives.",2016,Bielenica A; Kędzierska E; Koliński M; Kmiecik S; Koliński A; Fiorino F; Severino B; Magli E; Corvino A; Rossi I,candidate_paper_corpus | mechanistic:paper_library
186,10.1002/jeab.222,DOM,5-HT2A,Characterization of the discriminative stimulus effects of lorcaserin in rats.,2016,Serafine KM; Rice KC; France CP,candidate_paper_corpus | mechanistic:paper_library
187,10.1007/s00213-016-4399-2,R-ketamine,AMPA receptor,Comparison of R-ketamine and rapastinel antidepressant effects in the social defeat stress model of depression.,2016,Yang B; Zhang JC; Han M; Yao W; Yang C; Ren Q; Ma M; Chen QX; Hashimoto K,candidate_paper_corpus | mechanistic:paper_library
188,10.1016/j.neuropharm.2016.03.038,DOI,5-HT2A,Effect of 5-HT2A and 5-HT2C receptors on temporal discrimination by mice.,2016,Halberstadt AL; Sindhunata IS; Scheffers K; Flynn AD; Sharp RF; Geyer MA; Young JW,candidate_paper_corpus | mechanistic:paper_library
191,10.1016/j.phrs.2016.04.028,DOI,5-HT2B,Molecular mechanisms of serotonergic action of the HIV-1 antiretroviral efavirenz.,2016,Dalwadi DA; Kim S; Amdani SM; Chen Z; Huang RQ; Schetz JA,candidate_paper_corpus | mechanistic:paper_library
193,10.1016/j.pharep.2015.11.009,DOI,5-HT2B,Role of spinal 5-HT2 receptors subtypes in formalin-induced long-lasting hypersensitivity.,2016,Cervantes-Durán C; Vidal-Cantú GC; Godínez-Chaparro B; Granados-Soto V,candidate_paper_corpus | mechanistic:paper_library
194,10.1016/j.pbb.2016.07.001,DOI,Sigma-1 receptor (SIGMAR1),The effect of the sigma-1 receptor selective compound LS-1-137 on the DOI-induced head twitch response in mice.,2016,Malik M; Rangel-Barajas C; Mach RH; Luedtke RR,candidate_paper_corpus | mechanistic:paper_library | mechanistic:stubs
195,10.1038/srep35320,DOI,mGluR2 (GRM2),"The mGluR2 positive allosteric modulator, SAR218645, improves memory and attention deficits in translational models of cognitive symptoms associated with schizophrenia.",2016,Griebel G; Pichat P; Boulay D; Naimoli V; Potestio L; Featherstone R; Sahni S; Defex H; Desvignes C; Slowinski F,candidate_paper_corpus | mechanistic:curated | mechanistic:paper_library | mechanistic:stubs
197,10.1021/acschemneuro.5b00099,DOI,5-HT7,An Orally Active Phenylaminotetralin-Chemotype Serotonin 5-HT7 and 5-HT1A Receptor Partial Agonist that Corrects Motor Stereotypy in Mouse Models.,2015,Canal CE; Felsing DE; Liu Y; Zhu W; Wood JT; Perry CK; Vemula R; Booth RG,mechanistic:paper_library
201,10.1007/s00213-014-3704-1,DOI,5-HT2A,"Functional profile of a novel modulator of serotonin, dopamine, and glutamate neurotransmission.",2015,Snyder GL; Vanover KE; Zhu H; Miller DB; O'Callaghan JP; Tomesch J; Li P; Zhang Q; Krishnan V; Hendrick JP,candidate_paper_corpus | mechanistic:paper_library
202,10.1155/2015/846589,DOI,5-HT2C,Genotype-Dependent Difference in 5-HT2C Receptor-Induced Hypolocomotion: Comparison with 5-HT2A Receptor Functional Activity.,2015,Bazovkina DV; Kondaurova EM; Naumenko VS; Ponimaskin E,candidate_paper_corpus | mechanistic:paper_library | mechanistic:stubs
204,10.1016/j.phrs.2015.05.003,R-ketamine,NMDA receptor,Ketamine and suicidal ideation in depression: Jumping the gun?,2015,Rajkumar R; Fam J; Yeo EY; Dawe GS,candidate_paper_corpus | disorder:curated | disorder:paper_library | mechanistic:paper_library
205,10.1021/cn500292d,2C-I,5-HT2A,N-Benzyl-5-methoxytryptamines as Potent Serotonin 5-HT2 Receptor Family Agonists and Comparison with a Series of Phenethylamine Analogues.,2015,Nichols DE; Sassano MF; Halberstadt AL; Klein LM; Brandt SD; Elliott SP; Fiedler WJ,candidate_paper_corpus | mechanistic:curated | mechanistic:paper_library
207,10.1111/bph.13128,2C-B,5-HT2A,Pharmacological profile of novel psychoactive benzofurans.,2015,Rickli A; Kopf S; Hoener MC; Liechti ME,candidate_paper_corpus | mechanistic:paper_library | mechanistic:stubs
208,10.1111/bph.12692,DOI,DAT (SLC6A3),"Pharmacology and anti-addiction effects of the novel κ opioid receptor agonist Mesyl Sal B, a potent and long-acting analogue of salvinorin A.",2015,Simonson B; Morani AS; Ewald AW; Walker L; Kumar N; Simpson D; Miller JH; Prisinzano TE; Kivell BM,candidate_paper_corpus | mechanistic:paper_library
210,10.1016/j.neuropharm.2015.08.034,2C-B,5-HT2A,"Receptor interaction profiles of novel N-2-methoxybenzyl (NBOMe) derivatives of 2,5-dimethoxy-substituted phenethylamines (2C drugs).",2015,Rickli A; Luethi D; Reinisch J; Buchy D; Hoener MC; Liechti ME,candidate_paper_corpus | mechanistic:paper_library
211,10.1016/j.bmc.2014.12.011,2C-B,5-HT2A,"Synthesis and pharmacological evaluation of N-benzyl substituted 4-bromo-2,5-dimethoxyphenethylamines as 5-HT2A/2C partial agonists.",2015,Hansen M; Jacobsen SE; Plunkett S; Liebscher GE; McCorvy JD; Bräuner-Osborne H; Kristensen JL,candidate_paper_corpus | mechanistic:paper_library
212,10.1016/j.bbr.2014.12.014,DOB,5-HT2A,Tolerance to LSD and DOB induced shaking behaviour: differential adaptations of frontocortical 5-HT(2A) and glutamate receptor binding sites.,2015,Buchborn T; Schröder H; Dieterich DC; Grecksch G; Höllt V,candidate_paper_corpus | mechanistic:paper_library | mechanistic:stubs
215,10.1038/tp.2013.112,DOI,5-HT1B,A possible mechanism of the nucleus accumbens and ventral pallidum 5-HT1B receptors underlying the antidepressant action of ketamine: a PET study with macaques.,2014,Yamanaka H; Yokoyama C; Mizuma H; Kurai S; Finnema SJ; Halldin C; Doi H; Onoe H,mechanistic:paper_library
216,10.1016/j.pnpbp.2013.08.015,DOI,NMDA receptor,Additive antidepressant-like effects of fasting with imipramine via modulation of 5-HT2 receptors in the mice.,2014,Li B; Zhao J; Lv J; Tang F; Liu L; Sun Z; Wang L; Siwela SP; Wang Y; Song Y,candidate_paper_corpus | mechanistic:paper_library
217,10.1007/s00213-013-3303-6,DOM,5-HT2A,"Behavioral and neurochemical pharmacology of six psychoactive substituted phenethylamines: mouse locomotion, rat drug discrimination and in vitro receptor and transporter binding and function.",2014,Eshleman AJ; Forster MJ; Wolfrum KM; Johnson RA; Janowsky A; Gatch MB,candidate_paper_corpus | mechanistic:paper_library
218,10.1124/jpet.114.213793,DOI,5-HT2A,Brexpiprazole I: in vitro and in vivo characterization of a novel serotonin-dopamine activity modulator.,2014,Maeda K; Sugino H; Akazawa H; Amada N; Shimada J; Futamura T; Yamashita H; Ito N; McQuade RD; Mørk A,candidate_paper_corpus | mechanistic:paper_library
219,10.1016/j.bbr.2013.11.022,DOI,mGluR2 (GRM2),D-serine deficiency attenuates the behavioral and cellular effects induced by the hallucinogenic 5-HT(2A) receptor agonist DOI.,2014,Santini MA; Balu DT; Puhl MD; Hill-Smith TE; Berg AR; Lucki I; Mikkelsen JD; Coyle JT,candidate_paper_corpus | mechanistic:paper_library | mechanistic:stubs
220,10.1016/j.neuropharm.2014.05.037,DOI,NMDA receptor,Differential effects of NMDA receptor antagonists at lower and higher doses on basal gamma band oscillation power in rat cortical electroencephalograms.,2014,Hiyoshi T; Kambe D; Karasawa J; Chaki S,mechanistic:paper_library
221,10.1016/j.neuropharm.2013.08.025,2C-I,5-HT2A,"Effects of the hallucinogen 2,5-dimethoxy-4-iodophenethylamine (2C-I) and superpotent N-benzyl derivatives on the head twitch response.",2014,Halberstadt AL; Geyer MA,candidate_paper_corpus | mechanistic:paper_library
222,10.1016/j.bbrc.2013.11.104,DOI,5-HT2A,Hallucinogenic 5-HT2AR agonists LSD and DOI enhance dopamine D2R protomer recognition and signaling of D2-5-HT2A heteroreceptor complexes.,2014,Borroto-Escuela DO; Romero-Fernandez W; Narvaez M; Oflijan J; Agnati LF; Fuxe K,candidate_paper_corpus | mechanistic:paper_library | mechanistic:stubs
223,10.1016/j.neuropharm.2014.02.006,DOI,mGluR2 (GRM2),"N-acetylcysteine modulates hallucinogenic 5-HT(2A) receptor agonist-mediated responses: behavioral, molecular, and electrophysiological studies.",2014,Lee MY; Chiang CC; Chiu HY; Chan MH; Chen HH,candidate_paper_corpus | mechanistic:paper_library
224,10.1016/j.neuint.2013.09.015,DOI,5-HT1A,Neuronal ablation of p-Akt at Ser473 leads to altered 5-HT1A/2A receptor function.,2014,Saunders C; Siuta M; Robertson SD; Davis AR; Sauer J; Matthies HJG; Gresch PJ; Airey D; Lindsley CW; Schetz JA,candidate_paper_corpus | mechanistic:paper_library
226,10.1016/j.biochi.2014.06.020,DOI,SERT (SLC6A4),Serotonin activates cell survival and apoptotic death responses in cultured epithelial thyroid cells.,2014,Cerulo G; Tafuri S; De Pasquale V; Rea S; Romano S; Costagliola A; Della Morte R; Avallone L; Pavone LM,candidate_paper_corpus | mechanistic:paper_library
227,10.1111/bph.12519,DOI,SERT (SLC6A4),Sex-dependent long-term effects of adolescent exposure to THC and/or MDMA on neuroinflammation and serotoninergic and cannabinoid systems in rats.,2014,Lopez-Rodriguez AB; Llorente-Berzal A; Garcia-Segura LM; Viveros MP,candidate_paper_corpus | mechanistic:paper_library
228,10.1021/cn400216u,2C-B,5-HT2A,Synthesis and structure-activity relationships of N-benzyl phenethylamines as 5-HT2A/2C agonists.,2014,Hansen M; Phonekeo K; Paine JS; Leth-Petersen S; Begtrup M; Bräuner-Osborne H; Kristensen JL,candidate_paper_corpus | disorder:paper_library | mechanistic:paper_library | mechanistic:stubs
229,10.1177/0269881113492900,DOI,5-HT2C,5-HT1A and 5-HT2A receptor control of a panic-like defensive response in the rat dorsomedial hypothalamic nucleus.,2013,de Bortoli VC; Yamashita PS; Zangrossi H Jr,mechanistic:paper_library
230,10.1007/s00213-013-2988-x,DOI,DAT (SLC6A3),"An evaluation of the serotonin system and perseverative, compulsive, stereotypical, and hyperactive behaviors in dopamine transporter (DAT) knockout mice.",2013,Fox MA; Panessiti MG; Hall FS; Uhl GR; Murphy DL,candidate_paper_corpus | mechanistic:paper_library
233,10.1016/j.euroneuro.2012.10.006,DOI,5-HT2A,Dysregulated 5-HT(2A) receptor binding in postmortem frontal cortex of schizophrenic subjects.,2013,Muguruza C; Moreno JL; Umali A; Callado LF; Meana JJ; González-Maeso J,candidate_paper_corpus | mechanistic:paper_library
234,10.1016/j.neuroscience.2012.11.047,DOI,5-HT2B,"Evidence for the participation of peripheral 5-HT₂A, 5-HT₂B, and 5-HT₂C receptors in formalin-induced secondary mechanical allodynia and hyperalgesia.",2013,Cervantes-Durán C; Pineda-Farias JB; Bravo-Hernández M; Quiñonez-Bastidas GN; Vidal-Cantú GC; Barragán-Iglesias P; Granados-Soto V,mechanistic:paper_library
236,10.1007/s00213-012-2870-2,DOM,5-HT2A,"Modification of the behavioral effects of morphine in rats by serotonin 5-HT₁A and 5-HT₂A receptor agonists: antinociception, drug discrimination, and locomotor activity.",2013,Li JX; Shah AP; Patel SK; Rice KC; France CP,candidate_paper_corpus | mechanistic:paper_library
237,10.1016/j.neuropharm.2013.04.051,DOI,5-HT2A,Molecular and behavioral pharmacology of two novel orally-active 5HT2 modulators: potential utility as antipsychotic medications.,2013,Morgan D; Kondabolu K; Kuipers A; Sakhuja R; Robertson KL; Rowland NE; Booth RG,candidate_paper_corpus | mechanistic:paper_library
238,10.1124/jpet.113.208637,DOI,5-HT2A,Molecular pharmacology and ligand docking studies reveal a single amino acid difference between mouse and human serotonin 5-HT2A receptors that impacts behavioral translation of novel 4-phenyl-2-dimethylaminotetralin ligands.,2013,Canal CE; Cordova-Sintjago T; Liu Y; Kim MS; Morgan D; Booth RG,candidate_paper_corpus | disorder:paper_library | mechanistic:paper_library
242,10.1016/j.neuropharm.2013.01.014,DOET,5-HT2A,Role of the 5-HT₂A receptor in the locomotor hyperactivity produced by phenylalkylamine hallucinogens in mice.,2013,Halberstadt AL; Powell SB; Geyer MA,candidate_paper_corpus | disorder:paper_library | mechanistic:paper_library
243,10.1371/journal.pone.0075426,DOI,5-HT2A,Serotonin 5-HT2A receptor activation blocks TNF-α mediated inflammation in vivo.,2013,Nau F Jr; Yu B; Martin D; Nichols CD,candidate_paper_corpus | mechanistic:paper_library | mechanistic:stubs
244,10.1523/jneurosci.6377-11.2012,DOI,NET (SLC6A2),Disruption of prefrontal cortex large scale neuronal activity by different classes of psychotomimetic drugs.,2012,Wood J; Kim Y; Moghaddam B,candidate_paper_corpus | mechanistic:paper_library | mechanistic:stubs
248,10.3762/bjoc.8.194,DOB,5-HT2A,"trans-2-(2,5-Dimethoxy-4-iodophenyl)cyclopropylamine and trans-2-(2,5-dimethoxy-4-bromophenyl)cyclopropylamine as potent agonists for the 5-HT(2) receptor family.",2012,Pigott A; Frescas S; McCorvy JD; Huang XP; Roth BL; Nichols DE,mechanistic:paper_library
249,10.1124/jpet.111.179705,DOM,SERT (SLC6A4),Abuse liability profile of three substituted tryptamines.,2011,Gatch MB; Forster MJ; Janowsky A; Eshleman AJ,candidate_paper_corpus | disorder:paper_library | mechanistic:curated | mechanistic:paper_library
250,10.1002/hep.23960,DOI,5-HT2B,Activation of serotonin receptor-2B rescues small-for-size liver graft failure in mice.,2011,Tian Y; Graf R; El-Badry AM; Lesurtel M; Furrer K; Moritz W; Clavien PA,mechanistic:paper_library
253,10.1007/s00213-010-2115-1,DOM,5-HT2A,Interactive effects of mGlu5 and 5-HT2A receptors on locomotor activity in mice.,2011,Halberstadt AL; Lehmann-Masten VD; Geyer MA; Powell SB,candidate_paper_corpus | mechanistic:paper_library
254,10.1523/jneurosci.4230-10.2011,DOI,5-HT2A,Maternal influenza viral infection causes schizophrenia-like alterations of 5-HT₂A and mGlu₂ receptors in the adult offspring.,2011,Moreno JL; Kurita M; Holloway T; López J; Cadagan R; Martínez-Sobrido L; García-Sastre A; González-Maeso J,candidate_paper_corpus | mechanistic:paper_library
255,10.1016/j.neulet.2011.01.046,DOI,mGluR2 (GRM2),Metabotropic glutamate mGlu2 receptor is necessary for the pharmacological and behavioral effects induced by hallucinogenic 5-HT2A receptor agonists.,2011,Moreno JL; Holloway T; Albizu L; Sealfon SC; González-Maeso J,candidate_paper_corpus | mechanistic:paper_library
256,10.1007/s00213-011-2207-6,DOI,5-HT2A,Pharmacological and behavioral characterization of the 5-HT2A receptor in C57BL/6N mice.,2011,Dougherty JP; Aloyo VJ,candidate_paper_corpus | mechanistic:paper_library
259,10.1016/j.neuroscience.2011.01.011,DOI,5-HT2B,Serotonin 2A and 2B receptor-induced phrenic motor facilitation: differential requirement for spinal NADPH oxidase activity.,2011,MacFarlane PM; Vinit S; Mitchell GS,candidate_paper_corpus | mechanistic:paper_library
260,10.1111/j.1365-2133.2011.10490.x,DOI,5-HT2A,Serotonin induces melanogenesis via serotonin receptor 2A.,2011,Lee HJ; Park MK; Kim SY; Park Choo HY; Lee AY; Lee CH,mechanistic:paper_library
261,10.1124/jpet.109.159947,DOI,5-HT2A,5-hydroxytryptamine receptor stimulation of mitochondrial biogenesis.,2010,Rasbach KA; Funk JA; Jayavelu T; Green PT; Schnellmann RG,candidate_paper_corpus | mechanistic:paper_library
262,10.1016/j.neuroscience.2010.05.054,DOI,5-HT2A,Changes in 5-HT2A-mediated behavior and 5-HT2A- and 5-HT1A receptor binding and expression in conditional brain-derived neurotrophic factor knock-out mice.,2010,Klein AB; Santini MA; Aznar S; Knudsen GM; Rios M,candidate_paper_corpus | mechanistic:paper_library
263,10.1124/jpet.109.163451,DOM,5-HT2A,"Differential effects of serotonin 5-HT1A receptor agonists on the discriminative stimulus effects of the 5-HT2A receptor agonist 1-(2,5-dimethoxy-4-methylphenyl)-2-aminopropane in rats and rhesus monkeys.",2010,Li JX; Koek W; Rice KC; France CP,candidate_paper_corpus | mechanistic:paper_library
264,10.1111/j.1476-5381.2009.00578.x,DOI,SERT (SLC6A4),Functional interactions between 5-HT2A and presynaptic 5-HT1A receptor-based responses in mice genetically deficient in the serotonin 5-HT transporter (SERT).,2010,Fox MA; Stein AR; French HT; Murphy DL,candidate_paper_corpus | mechanistic:paper_library
265,10.1124/jpet.110.172247,DOI,5-HT2A,"Interaction of 5-HT2A and 5-HT2C receptors in R(-)-2,5-dimethoxy-4-iodoamphetamine-elicited head twitch behavior in mice.",2010,Fantegrossi WE; Simoneau J; Cohen MS; Zimmerman SM; Henson CM; Rice KC; Woods JH,candidate_paper_corpus | mechanistic:paper_library | mechanistic:stubs
268,10.1007/s00213-009-1694-1,DOI,SERT (SLC6A4),The serotonin 5-HT(2A) receptor agonist TCB-2: a behavioral and neurophysiological analysis.,2010,Fox MA; French HT; LaPorte JL; Blackler AR; Murphy DL,candidate_paper_corpus | mechanistic:paper_library
269,10.1124/jpet.108.145458,DOM,5-HT2A,"Discriminative stimulus effects of 1-(2,5-dimethoxy-4-methylphenyl)-2-aminopropane in rhesus monkeys: antagonism and apparent pA2 analyses.",2009,Li JX; Rice KC; France CP,candidate_paper_corpus | mechanistic:paper_library
271,10.1016/j.pbb.2008.08.013,DOM,5-HT1A,"Effect of 8-hydroxy-2-(N,N-di-n-propylamino)tetralin and MDMA on the discriminative stimulus effects of the classical hallucinogen DOM in rats.",2009,Khorana N; Young R; Glennon RA,candidate_paper_corpus | mechanistic:paper_library
275,10.1016/j.neuroscience.2008.10.055,DOI,5-HT1A,Serotonin 5-HT(2) and 5-HT(1A)-like receptors differentially modulate aggressive behaviors in Drosophila melanogaster.,2009,Johnson O; Becnel J; Nichols CD,candidate_paper_corpus | mechanistic:paper_library
276,10.1016/j.bbr.2008.08.027,DOI,5-HT1A,"Stimulation of 5-HT1A or 5-HT2A receptors in the ventrolateral periaqueductal gray causes anxiolytic-, but not panicolytic-like effect in rats.",2009,de Paula Soares V; Zangrossi H Jr,mechanistic:paper_library
277,10.1016/j.pnpbp.2007.07.009,DOI,5-HT2A,AMPA receptor involvement in 5-hydroxytryptamine2A receptor-mediated pre-frontal cortical excitatory synaptic currents and DOI-induced head shakes.,2008,Zhang C; Marek GJ,candidate_paper_corpus | mechanistic:paper_library | mechanistic:stubs
279,10.1038/sj.npp.1301600,DOB,5-HT2A,Chronic phenethylamine hallucinogen treatment alters behavioral sensitivity to a metabotropic glutamate 2/3 receptor agonist.,2008,Benneyworth MA; Smith RL; Sanders-Bush E,candidate_paper_corpus | mechanistic:paper_library
280,10.1124/jpet.107.130625,DOM,kappa opioid receptor (OPRK1),"Discriminative stimulus effects of 1-(2,5-dimethoxy-4-methylphenyl)-2-aminopropane in rhesus monkeys.",2008,Li JX; Rice KC; France CP,candidate_paper_corpus | mechanistic:paper_library
282,10.1097/fbp.0b013e328308f1d6,DOI,5-HT1A,Food restriction and streptozotocin treatment decrease 5-HT1A and 5-HT2A receptor-mediated behavioral effects in rats.,2008,Li JX; France CP,candidate_paper_corpus | mechanistic:paper_library | mechanistic:stubs
284,10.1038/bjp.2008.273,DOI,5-HT2B,Investigation of the role of 5-HT2 receptor subtypes in the control of the bladder and the urethra in the anaesthetized female rat.,2008,Mbaki Y; Ramage AG,candidate_paper_corpus | mechanistic:paper_library
285,10.1016/j.pbb.2007.09.006,DOI,SERT (SLC6A4),Marked decrease of LSD-induced stimulus control in serotonin transporter knockout mice.,2008,Krall CM; Richards JB; Rabin RA; Winter JC,candidate_paper_corpus | mechanistic:paper_library | mechanistic:stubs
286,10.1021/jm800771x,DOB,5-HT2A,"Potential modes of interaction of 9-aminomethyl-9,10-dihydroanthracene (AMDA) derivatives with the 5-HT2A receptor: a ligand structure-affinity relationship, receptor mutagenesis and receptor modeling investigation.",2008,Runyon SP; Mosier PD; Roth BL; Glennon RA; Westkaemper RB,candidate_paper_corpus | mechanistic:paper_library
288,10.1017/s146114570800847x,DOI,5-HT2A,The role of 5-HT2A and 5-HT2C receptors in the signal attenuation rat model of obsessive-compulsive disorder.,2008,Flaisher-Grinberg S; Klavir O; Joel D,candidate_paper_corpus | disorder:paper_library | mechanistic:paper_library | mechanistic:stubs
289,10.1007/s00213-007-0910-0,DOI,5-HT2C,A pharmacological analysis of mice with a targeted disruption of the serotonin transporter.,2007,Fox MA; Andrews AM; Wendland JR; Lesch KP; Holmes A; Murphy DL,candidate_paper_corpus | mechanistic:paper_library
291,10.1097/fbp.0b013e3281f19ca0,DOM,5-HT2A,Behavioral effects of dipropyltryptamine in rats: evidence for 5-HT1A and 5-HT2A agonist activity.,2007,Li JX; Rice KC; France CP,candidate_paper_corpus | mechanistic:paper_library | mechanistic:stubs
293,10.1016/j.neulet.2007.02.018,DOI,5-HT2A,Chronic thyroxine treatment activates the 5-HT2A serotonin receptor in the mouse brain.,2007,Kulikov AV; Zubkov EA,mechanistic:paper_library
298,10.1254/jphs.fp0071049,DOI,5-HT2B,Possible involvement of endogenous 5-HT in aggravation of cerulein-induced acute pancreatitis in mice.,2007,Hamada K; Yoshida M; Isayama H; Yagi Y; Kanazashi S; Kashihara Y; Takeuchi K; Yamaguchi I,candidate_paper_corpus | mechanistic:paper_library
302,10.1021/jm060656o,2C-B,5-HT2A,1-Aminomethylbenzocycloalkanes: conformationally restricted hallucinogenic phenethylamine analogues as functionally selective 5-HT2A receptor agonists.,2006,McLean TH; Parrish JC; Braden MR; Marona-Lewicka D; Gallardo-Godoy A; Nichols DE,candidate_paper_corpus | mechanistic:paper_library
303,10.1016/j.neulet.2006.05.021,DOI,5-HT2A,5-Hydroxytryptamine2A (5-HT2A) receptor regulation in rat prefrontal cortex: interaction of a phenethylamine hallucinogen and the metabotropic glutamate2/3 receptor agonist LY354740.,2006,Marek GJ; Wright RA; Schoepp DD,candidate_paper_corpus | mechanistic:paper_library
304,10.1016/j.neuropharm.2006.04.012,DOI,5-HT2A,Alterations in 5-HT2A receptor signaling in male and female transgenic rats over-expressing either Gq or RGS-insensitive Gq protein.,2006,Shi J; Damjanoska KJ; Zemaitaitis B; Garcia F; Carrasco G; Sullivan NR; She Y; Young KH; Battaglia G; Van De kar LD,candidate_paper_corpus | mechanistic:paper_library
305,10.1016/j.brainres.2005.12.052,DOI,5-HT2A,Antiobesity-like effects of the 5-HT2C receptor agonist WAY-161503.,2006,Rosenzweig-Lipson S; Zhang J; Mazandarani H; Harrison BL; Sabb A; Sabalski J; Stack G; Welmaker G; Barrett JE; Dunlop J,candidate_paper_corpus | mechanistic:paper_library
307,10.1038/sj.npp.1300819,DOI,5-HT2B,Evidence for the preferential involvement of 5-HT2A serotonin receptors in stress- and drug-induced dopamine release in the rat medial prefrontal cortex.,2006,Pehek EA; Nocjar C; Roth BL; Byrd TA; Mabrouk OS,candidate_paper_corpus | mechanistic:paper_library
309,10.1016/j.bbr.2005.07.013,DOI,5-HT2A,Implication of 5-HT2A subtype receptors in DOI activity in the four-plates test-retest paradigm in mice.,2006,Ripoll N; Hascoët M; Bourin M,candidate_paper_corpus | mechanistic:paper_library | mechanistic:stubs
313,10.1089/jop.2006.22.389,DOI,5-HT2B,Serotonin-2 (5-HT2) receptor-mediated signal transduction in human ciliary muscle cells: role in ocular hypotension.,2006,Sharif NA; Kelly CR; Crider JY; Davis TL,candidate_paper_corpus | mechanistic:paper_library | mechanistic:stubs
315,10.1007/s00213-005-2231-5,DOI,SERT (SLC6A4),5-HT2A/2C receptor signaling via phospholipase A2 and arachidonic acid is attenuated in mice lacking the serotonin reuptake transporter.,2005,Qu Y; Villacreses N; Murphy DL; Rapoport SI,candidate_paper_corpus | mechanistic:paper_library
316,10.1016/j.ejphar.2005.01.032,DOI,5-HT2A,"Anxiolytic-like effect of a serotonergic ligand with high affinity for 5-HT1A, 5-HT2A and 5-HT3 receptors.",2005,Delgado M; Caicoya AG; Greciano V; Benhamú B; López-Rodríguez ML; Fernández-Alfonso MS; Pozo MA; Manzanares J; Fuentes JA,candidate_paper_corpus | mechanistic:paper_library
317,10.1007/s00213-004-2035-z,DOB,5-HT2A,Attenuation of nicotine's discriminative stimulus effects in rats and its locomotor activity effects in mice by serotonergic 5-HT2A/2C receptor agonists.,2005,Batman AM; Munzar P; Beardsley PM,candidate_paper_corpus | mechanistic:paper_library
319,10.1089/adt.2005.3.649,DOI,5-HT2A,Development of homogeneous high-affinity agonist binding assays for 5-HT2 receptor subtypes.,2005,Song J; Hanniford D; Doucette C; Graham E; Poole MF; Ting A; Sherf B; Harrington J; Brunden K; Stricker-Krongrad A,candidate_paper_corpus | mechanistic:paper_library | mechanistic:stubs
320,10.1016/j.pbb.2005.05.011,DOM,5-HT2A,"Effects of clozapine and 2,5-dimethoxy-4-methylamphetamine [DOM] on 5-HT2A receptor expression in discrete brain areas.",2005,Doat-Meyerhoefer MM; Hard R; Winter JC; Rabin RA,candidate_paper_corpus | mechanistic:paper_library | mechanistic:stubs
321,10.1007/s00213-005-0009-4,DOM,5-HT2A,"Hallucinogen-like actions of 2,5-dimethoxy-4-(n)-propylthiophenethylamine (2C-T-7) in mice and rats.",2005,Fantegrossi WE; Harrington AW; Eckler JR; Arshad S; Rabin RA; Winter JC; Coop A; Rice KC; Woods JH,candidate_paper_corpus | mechanistic:paper_library
322,10.1016/j.brainres.2005.07.049,DOI,5-HT2B,Inhibition of serotonin transporters by cocaine and meprylcaine through 5-TH2C receptor stimulation facilitates their seizure activities.,2005,Morita K; Hamamoto M; Arai S; Kitayama S; Irifune M; Kawahara M; Kihira K; Dohi T,mechanistic:paper_library
326,10.1016/j.neubiorev.2005.03.026,DOI,5-HT1A,Role of nitric oxide in brain regions related to defensive reactions.,2005,Guimarães FS; Beijamini V; Moreira FA; Aguiar DC; de Lucca AC,mechanistic:paper_library
329,10.1016/j.pbb.2005.03.022,DOM,5-HT2C,Serotonergic/glutamatergic interactions: potentiation of phencyclidine-induced stimulus control by citalopram.,2005,Winter JC; Eckler JR; Rice KC; Rabin RA,candidate_paper_corpus | mechanistic:paper_library
330,10.1038/sj.bjp.0705722,2C-B,5-HT2A,"4-Bromo-2,5-dimethoxyphenethylamine (2C-B) and structurally related phenylethylamines are potent 5-HT2A receptor antagonists in Xenopus laevis oocytes.",2004,Villalobos CA; Bull P; Sáez P; Cassels BK; Huidobro-Toro JP,candidate_paper_corpus | mechanistic:paper_library
331,10.1016/j.pbb.2004.06.012,DOM,SERT (SLC6A4),"A 5-HT(2C) receptor-mediated interaction between 2,5-dimethoxy-4-methylamphetamine and citalopram in the rat.",2004,Eckler JR; Reissig CJ; Rabin RA; Winter JC,candidate_paper_corpus | mechanistic:paper_library
332,10.1038/sj.bjp.0705576,DOI,5-HT7,Autoradiographic distribution of 5-HT7 receptors in the human brain using [3H]mesulergine: comparison to other mammalian species.,2004,Martín-Cora FJ; Pazos A,candidate_paper_corpus | mechanistic:paper_library
335,10.1211/0022357044346,DOI,5-HT1A,Cloned human 5-HT1A receptor pharmacology determined using agonist binding and measurement of cAMP accumulation.,2004,Sharif NA; Drace CD; Williams GW; Crider JY,candidate_paper_corpus | mechanistic:paper_library | mechanistic:stubs
336,10.1124/jpet.103.062224,DOI,5-HT1A,Desensitization of 5-HT1A receptors by 5-HT2A receptors in neuroendocrine neurons in vivo.,2004,Zhang Y; Gray TS; D'Souza DN; Carrasco GA; Damjanoska KJ; Dudas B; Garcia F; Zainelli GM; Sullivan Hanley NR; Battaglia G,candidate_paper_corpus | mechanistic:paper_library
337,10.1016/j.neuropharm.2003.09.017,DOI,AMPA receptor,Glutamate receptor activation is involved in 5-HT2 agonist-induced Arc gene expression in the rat cortex.,2004,Pei Q; Tordera R; Sprakes M; Sharp T,candidate_paper_corpus | mechanistic:paper_library
338,10.1016/j.brainresbull.2004.06.007,DOI,5-HT2C,Involvement of 5-HT1A and 5-HT2 receptors of the dorsal periaqueductal gray in the regulation of the defensive behaviors generated by the elevated T-maze.,2004,de Paula Soares V; Zangrossi H Jr,candidate_paper_corpus | mechanistic:paper_library
339,10.1124/jpet.104.067306,DOI,5-HT2C,Ligand dependency of 5-hydroxytryptamine 2C receptor internalization.,2004,Schlag BD; Lou Z; Fennell M; Dunlop J,mechanistic:paper_library
340,10.1016/j.ejphar.2003.11.019,DOI,5-HT1E,Molecular cloning and pharmacological characterization of the guinea pig 5-HT1E receptor.,2004,Bai F; Yin T; Johnstone EM; Su C; Varga G; Little SP; Nelson DL,candidate_paper_corpus | mechanistic:paper_library
341,10.1007/s00210-004-0951-4,DOI,5-HT2A,"Pharmacological characterisation of the agonist radioligand binding site of 5-HT(2A), 5-HT(2B) and 5-HT(2C) receptors.",2004,Knight AR; Misra A; Quirk K; Benwell K; Revell D; Kennett G; Bickerdike M,candidate_paper_corpus | mechanistic:paper_library
346,10.1016/s0014-2999(03)01971-x,DOI,kappa opioid receptor (OPRK1),Behavioral evidence for mu-opioid and 5-HT2A receptor interactions.,2003,Marek GJ,mechanistic:paper_library
349,10.1016/s0166-4328(03)00179-7,DOI,5-HT2B,Evidence for a 5-HT2A receptor mode of action in the anxiolytic-like properties of DOI in mice.,2003,Nic Dhonnchadha BA; Hascoët M; Jolliet P; Bourin M,candidate_paper_corpus | mechanistic:paper_library
350,10.1038/sj.bjp.0705328,DOI,5-HT2B,Evidence that central 5-HT2A and 5-HT2B/C receptors regulate 5-HT cell firing in the dorsal raphe nucleus of the anaesthetised rat.,2003,Boothman LJ; Allers KA; Rasmussen K; Sharp T,candidate_paper_corpus | mechanistic:paper_library
351,10.1046/j.1471-4159.2003.01738.x,DOI,5-HT2A,Functional study of rat 5-HT2A receptors using antisense oligonucleotides.,2003,Van Oekelen D; Megens A; Meert T; Luyten WH; Leysen JE,candidate_paper_corpus | mechanistic:paper_library | mechanistic:stubs
356,10.1021/jm030064v,DOI,5-HT2A,Synthesis and pharmacological characterization of a series of geometrically constrained 5-HT(2A/2C) receptor ligands.,2003,Chambers JJ; Parrish JC; Jensen NH; Kurrasch-Orbaugh DM; Marona-Lewicka D; Nichols DE,candidate_paper_corpus | mechanistic:paper_library
358,10.1016/s0091-3057(01)00720-1,DOM,5-HT2A,5-HT2A receptor-stimulated phosphoinositide hydrolysis in the stimulus effects of hallucinogens.,2002,Rabin RA; Regina M; Doat M; Winter JC,candidate_paper_corpus | mechanistic:paper_library
359,10.1016/s0091-3057(01)00767-5,DOI,5-HT2A,A novel behavioral model that discriminates between 5-HT2A and 5-HT2C receptor activation.,2002,Dave KD; Harvey JA; Aloyo VJ,mechanistic:paper_library
361,10.1007/s00210-001-0505-y,DOI,5-HT2B,Characterization of phospholipase C activity at h5-HT2C compared with h5-HT2B receptors: influence of novel ligands upon membrane-bound levels of [3H]phosphatidylinositols.,2002,Cussac D; Newman-Tancredi A; Quentric Y; Carpentier N; Poissonnet G; Parmentier JG; Goldstein S; Millan MJ,candidate_paper_corpus | mechanistic:paper_library
362,10.1523/jneurosci.22-21-09635.2002,DOI,5-HT2A,Evidence that 5-HT2A receptors in the hypothalamic paraventricular nucleus mediate neuroendocrine responses to (-)DOI.,2002,Zhang Y; Damjanoska KJ; Carrasco GA; Dudas B; D'Souza DN; Tetzlaff J; Garcia F; Hanley NR; Scripathirathan K; Petersen BR,candidate_paper_corpus | mechanistic:paper_library | mechanistic:stubs
364,10.1097/00001756-200205240-00006,DOI,5-HT7,Serotonin and vasopressin interact in the hypothalamus to control communicative behavior.,2002,Albers HE; Karom M; Smith D,mechanistic:paper_library
366,10.1016/s0960-894x(02)00306-2,DOM,5-HT2A,"Translocation of the 5-alkoxy substituent of 2,5-dialkoxyarylalkylamines to the 6-position: effects on 5-HT(2A/2C) receptor affinity.",2002,Chambers JJ; Kurrasch-Orbaugh DM; Nichols DE,candidate_paper_corpus | mechanistic:paper_library
368,10.1021/jm0100739,DOB,5-HT2A,1-[2-methoxy-5-(3-phenylpropyl)]-2-aminopropane unexpectedly shows 5-HT(2A) serotonin receptor affinity and antagonist character.,2001,Rangisetty JB; Dukat M; Dowd CS; Herrick-Davis K; DuPre A; Gadepalli S; Teitler M; Kelley CR; Sharif NA; Glennon RA,candidate_paper_corpus | mechanistic:paper_library | mechanistic:stubs
369,10.1523/jneurosci.21-10-03572.2001,DOI,5-HT2A,"5-HT2A receptors stimulate ACTH, corticosterone, oxytocin, renin, and prolactin release and activate hypothalamic CRF and oxytocin-expressing cells.",2001,Van de Kar LD; Javed A; Zhang Y; Serres F; Raap DK; Gray TS,candidate_paper_corpus | mechanistic:paper_library
371,10.1016/s0006-8993(01)02596-3,DOI,5-HT2C,"DOI, a 5-HT2A/2C receptor agonist, attenuates clozapine-induced cortical dopamine release.",2001,Ichikawa J; Dai J; Meltzer HY,candidate_paper_corpus | mechanistic:paper_library | mechanistic:stubs
375,10.1097/00000539-200105000-00019,R-ketamine,NMDA receptor,Modulation of NMDA receptor function by ketamine and magnesium: Part I.,2001,Liu HT; Hollmann MW; Liu WH; Hoenemann CW; Durieux ME,candidate_paper_corpus | mechanistic:paper_library | mechanistic:stubs
377,10.1021/jm9906062,DOI,5-HT2A,1-[4-(3-Phenylalkyl)phenyl]-2-aminopropanes as 5-HT(2A) partial agonists.,2000,Dowd CS; Herrick-Davis K; Egan C; DuPre A; Smith C; Teitler M; Glennon RA,candidate_paper_corpus | mechanistic:paper_library
378,10.1523/jneurosci.20-23-08846.2000,DOI,AMPA receptor,DOI-Induced activation of the cortex: dependence on 5-HT2A heteroceptors on thalamocortical glutamatergic neurons.,2000,Scruggs JL; Patel S; Bubser M; Deutch AY,candidate_paper_corpus | mechanistic:paper_library | mechanistic:stubs
379,10.1177/108705710000500410,DOB,5-HT2A,Development of a 5-hydroxytryptamine(2A) receptor binding assay for high throughput screening using 96-well microfilter plates.,2000,Harms A; Gündisch D; Müller CE; Kovar KA,candidate_paper_corpus | mechanistic:paper_library
381,10.1248/bpb.23.1521,DOI,5-HT2A,"Effects of the 5-HT2A receptor agonist 1-(2,5-dimethoxy-4-iodophenyl)-2-aminopropane (DOI) on plasma glucose and glucagon levels of rats.",2000,Sugimoto Y; Yamada J,candidate_paper_corpus | mechanistic:paper_library
382,10.1002/1097-4547(20000915)61:6<674::aid-jnr11>3.0.co;2-f,DOI,5-HT2C,In vitro autoradiography of serotonin 5-HT(2A/2C) receptor-activated G protein: guanosine-5'-(gamma-[(35)S]thio)triphosphate binding in rat brain.,2000,Adlersberg M; Arango V; Hsiung S; Mann JJ; Underwood MD; Liu K; Kassir SA; Ruggiero DA; Tamir H,candidate_paper_corpus | mechanistic:paper_library | mechanistic:stubs
383,10.1007/s002109900181,DOI,5-HT2C,In vivo electrophysiological examination of 5-HT2 responses in 5-HT2C receptor mutant mice.,2000,Rueter LE; Tecott LH; Blier P,candidate_paper_corpus | mechanistic:paper_library
384,10.1097/00008877-200006000-00012,DOI,5-HT2B,In-vivo assessment of 5-HT2A and 5-HT2C antagonistic properties of newer antipsychotics.,2000,Sánchez C; Arnt J,mechanistic:paper_library
386,10.1006/phrs.2000.0661,DOI,5-HT1A,"Isoteoline, a putative serotonin antagonist, inhibits meta -chlorophenylpiperazine, but not 1-(2, -dimethoxy-4-iodphenyl)-2-aminopropane and 8-hydroxy-2-(di-n-propylamino)-tetraline-induced increase of serum prolactin levels.",2000,Zhelyazkova-Savova MD; Negrev N,mechanistic:paper_library
387,10.1016/s0006-8993(00)02031-x,DOI,5-HT2A,Melatonin reversal of DOI-induced hypophagia in rats; possible mechanism by suppressing 5-HT(2A) receptor-mediated activation of HPA axis.,2000,Raghavendra V; Kulkarni SK,candidate_paper_corpus | mechanistic:paper_library
388,10.1007/s007020070041,DOI,NET (SLC6A2),Non-serotonergic potentiation by (-)-pindolol of DOI-induced forward locomotion in rats: possible involvement of beta-adrenoceptors?,2000,Kaur P; Ahlenius S,mechanistic:paper_library
389,10.1016/s0028-3908(00)00026-5,DOI,5-HT2A,Regulation of 5-HT(2A) receptor mRNA levels and binding sites in rat frontal cortex by the agonist DOI and the antagonist mianserin.,2000,Anji A; Kumari M; Sullivan Hanley NR; Bryan GL; Hensler JG,candidate_paper_corpus | mechanistic:paper_library
393,10.1016/s0091-3057(99)00178-1,DOM,5-HT1A,"The paradox of 5-methoxy-N,N-dimethyltryptamine: an indoleamine hallucinogen that induces stimulus control via 5-HT1A receptors.",2000,Winter JC; Filipink RA; Timineri D; Helsley SE; Rabin RA,candidate_paper_corpus | mechanistic:paper_library
394,10.1016/s0006-2952(99)00195-1,DOI,5-HT2C,5-HT(2A/2C) receptor agonist-induced increase in urinary isatin excretion in rats: reversal by both diazepam and dexamethasone.,1999,Tozawa Y; Ueki A; Shimosawa T; Fujita T,candidate_paper_corpus | mechanistic:paper_library
396,10.1016/s0091-3057(98)00115-4,DOI,5-HT2A,5-HT2A and 5-HT2C/5-HT1B receptors are differentially involved in alcohol preference and consummatory behavior in cAA rats.,1999,Maurel S; De Vry J; De Beun R; Schreiber R,mechanistic:paper_library
398,10.1046/j.1365-2826.1999.00328.x,DOI,5-HT2B,Adrenocorticotropic hormone secretion in rats induced by stimulation with serotonergic compounds. hsj@mfi.ku.dk.,1999,Jørgensen H; Knigge U; Kjaer A; Warberg J,mechanistic:paper_library
399,10.1016/s0306-3623(98)00266-3,DOM,5-HT2A,Binding affinity of sarpogrelate to 5-HT(2A) receptor ligand recognition sites in rat renal cortical and mesangial cells in culture.,1999,Nishio H; Yoshikawa S; Morimoto Y; Chen Z; Nakata Y,candidate_paper_corpus | mechanistic:paper_library
400,10.1016/s0028-3908(98)00203-2,DOI,5-HT2B,"Discriminative stimulus properties of the novel serotonin (5-HT)2C receptor agonist, RO 60-0175: a pharmacological analysis.",1999,Dekeyne A; Girardon S; Millan MJ,candidate_paper_corpus | mechanistic:paper_library
401,10.1016/s0028-3908(99)00002-7,DOI,5-HT1B,"Effect of reserpine on behavioural responses to agonists at 5-HT1A, 5-HT1B, 5-HT2A, and 5-HT2C receptor subtypes.",1999,Heslop KE; Curzon G,mechanistic:paper_library
403,10.1038/sj.bjp.0702751,DOI,5-HT2A,"Functional characterization of agonists at recombinant human 5-HT2A, 5-HT2B and 5-HT2C receptors in CHO-K1 cells.",1999,Porter RH; Benwell KR; Lamb H; Malcolm CS; Allen NH; Revell DF; Adams DR; Sheardown MJ,candidate_paper_corpus | disorder:paper_library | mechanistic:paper_library | mechanistic:stubs
404,10.1046/j.1460-9568.1999.00726.x,DOB,5-HT2A,LSD and DOB: interaction with 5-HT2A receptors to inhibit NMDA receptor-mediated transmission in the rat prefrontal cortex.,1999,Arvanov VL; Liang X; Russo A; Wang RY,candidate_paper_corpus | mechanistic:paper_library
408,10.1016/s0028-3908(98)00188-9,DOI,5-HT2B,"Serotonin (5-HT)2A receptor activation enhances dialysate levels of dopamine and noradrenaline, but not 5-HT, in the frontal cortex of freely-moving rats.",1999,Gobert A; Millan MJ,mechanistic:paper_library
411,10.1021/jm980692q,DOI,5-HT2B,"Thieno[3,2-b]- and thieno[2,3-b]pyrrole bioisosteric analogues of the hallucinogen and serotonin agonist N,N-dimethyltryptamine.",1999,Blair JB; Marona-Lewicka D; Kanthasamy A; Lucaites VL; Nelson DL; Nichols DE,candidate_paper_corpus | mechanistic:paper_library | mechanistic:stubs
412,10.1177/026988119801200210,DOI,5-HT2A,5-HT1A receptor agonist (8-OH-DPAT) and 5-HT2 receptor agonist (DOI) disrupt the non-cognitive performance of rats in a working memory task.,1998,Ruotsalainen S; MacDonald E; Koivisto E; Stefanski R; Haapalinna A; Riekkinen P Jr; Sirviö J,mechanistic:paper_library
413,10.1016/s0006-8993(98)00643-x,DOI,5-HT1B,5-Hydroxytryptaminergic receptor agonists: effects on neuropeptide Y potentiation of feeding and respiratory quotient.,1998,Currie PJ; Coscina DV,candidate_paper_corpus | mechanistic:paper_library
415,10.1111/j.1530-0277.1998.tb04306.x,DOI,5-HT1B,Analysis of the 5-HT2 receptor ligands dimethoxy-4-indophenyl-2-aminopropane and ketanserin in ethanol discriminations.,1998,Szeliga KT; Grant KA,candidate_paper_corpus | mechanistic:paper_library | mechanistic:stubs
416,10.1016/s0091-3057(97)00451-6,DOM,5-HT2A,Behavioral and biochemical evidence for a nonessential 5-HT2A component of the ibogaine-induced discriminative stimulus.,1998,Helsley S; Fiorella D; Rabin RA; Winter JC,candidate_paper_corpus | mechanistic:paper_library | mechanistic:stubs
417,10.1016/s0014-2999(97)01547-1,DOI,5-HT1A,Characterization of 5-HT1A receptor-mediated [35S]GTPgammaS binding in rat hippocampal membranes.,1998,Alper RH; Nelson DL,candidate_paper_corpus | mechanistic:paper_library
418,10.1007/s002130050544,DOI,5-HT2C,"Deramciclane, a putative anxiolytic drug, is a serotonin 5-HT2C receptor inverse agonist but fails to induce 5-HT2C receptor down-regulation.",1998,Pälvimäki EP; Majasuo H; Kuoppamäki M; Männistö PT; Syvälahti E; Hietala J,candidate_paper_corpus | mechanistic:paper_library
419,10.1016/s0006-8993(98)00316-3,DOI,5-HT1A,"Differential effects of serotonin (5-HT) lesions and synthesis blockade on neuropeptide-Y immunoreactivity and 5-HT1A, 5-HT1B/1D and 5-HT2A/2C receptor binding sites in the rat cerebral cortex.",1998,Compan V; Segu L; Buhot MC; Daszuta A,candidate_paper_corpus | mechanistic:paper_library
422,10.1016/s0376-8716(97)00163-4,DOM,5-HT2A,Investigation of hallucinogenic and related beta-carbolines.,1998,Grella B; Dukat M; Young R; Teitler M; Herrick-Davis K; Gauthier CB; Glennon RA,candidate_paper_corpus | mechanistic:paper_library
423,10.1016/s0165-3806(98)00016-9,DOI,SERT (SLC6A4),Quantified distribution of serotonin transporter and receptors during the postnatal development of the rat barrel field cortex.,1998,Mansour-Robaey S; Mechawar N; Radja F; Beaulieu C; Descarries L,candidate_paper_corpus | mechanistic:paper_library
424,10.1016/s0006-8993(98)00746-x,DOI,5-HT2C,Serotonin 5-HT2c agonists mimic the effect of light pulses on circadian rhythms.,1998,Kennaway DJ; Moyer RW,mechanistic:paper_library
425,10.1016/s0893-133x(97)00026-2,DOB,5-HT2A,"Activation of protein kinase C (PKC) by 3,4-methylenedioxymethamphetamine (MDMA) occurs through the stimulation of serotonin receptors and transporter.",1997,Kramer HK; Poblete JC; Azmitia EC,candidate_paper_corpus | mechanistic:paper_library
426,10.1016/s0091-3057(96)00296-1,DOI,NMDA receptor,Differential effects of activation of lumbar and thoracic 5-HT2A/2C receptors on nociception in rats.,1997,Kjørsvik A; Størkson R; Tjølsen A; Hole K,candidate_paper_corpus | mechanistic:paper_library
427,10.1016/s0014-2999(97)01126-6,DOI,5-HT1A,Effects of corticosterone on 5-HT1A and 5-HT2 receptor binding and on the receptor-mediated behavioral responses of rats.,1997,Takao K; Nagatani T; Kitamura Y; Yamawaki S,candidate_paper_corpus | mechanistic:paper_library
431,10.1016/s0028-3908(97)00035-x,DOI,5-HT7,In vivo electrophysiological characterization of 5-HT receptors in the guinea pig head of caudate nucleus and orbitofrontal cortex.,1997,el Mansari M; Blier P,mechanistic:paper_library
432,10.1007/pl00004964,DOI,5-HT7,"Interactions of GR127935, a 5-HT(1B/D) receptor ligand, with functional 5-HT receptors.",1997,De Vries P; Apaydin S; Villalón CM; Heiligers JP; Saxena PR,candidate_paper_corpus | mechanistic:paper_library
433,10.1016/s0014-2999(97)01116-3,R-ketamine,NMDA receptor,"Norketamine, the main metabolite of ketamine, is a non-competitive NMDA receptor antagonist in the rat cortex and spinal cord.",1997,Ebert B; Mikkelsen S; Thorkildsen C; Borgbjerg FM,benchmark_manifest | candidate_paper_corpus | mechanistic:curated | mechanistic:paper_library | mechanistic:stubs
434,10.1007/bf01291879,DOI,5-HT1A,Potentiation of DOI-induced forward locomotion in rats by (-)-pindolol pretreatment.,1997,Kaur P; Ahlenius S,candidate_paper_corpus | mechanistic:paper_library
437,10.1007/bf00170831,DOM,5-HT2A,"(+/-)-1-(2,5-Dimethoxy-4-ethylthiophenyl)-2-aminopropane (ALEPH-2), a novel putative anxiolytic agent lacking affinity for benzodiazepine sites and serotonin-1A receptors.",1996,Reyes-Parada M; Scorza C; Romero V; Silveira R; Medina JH; Andrus D; Nichols DE; Cassels BK,candidate_paper_corpus | mechanistic:paper_library
439,10.1111/j.1476-5381.1996.tb16700.x,DOI,5-HT2B,5-HT2B receptor-mediated calcium release from ryanodine-sensitive intracellular stores in human pulmonary artery endothelial cells.,1996,Ullmer C; Boddeke HG; Schmuck K; Lübbert H,candidate_paper_corpus | mechanistic:paper_library
440,10.1016/0024-3205(96)00449-3,DOI,5-HT2B,A novel class of 5-HT2A receptor antagonists: aryl aminoguanidines.,1996,Bryant HU; Nelson DL; Button D; Cole HW; Baez MB; Lucaites VL; Wainscott DB; Whitesitt C; Reel J; Simon R,candidate_paper_corpus | mechanistic:paper_library
441,10.1046/j.1471-4159.1996.67062521.x,DOI,5-HT2C,Characterisation of human 5-hydroxytryptamine2A and 5-hydroxytryptamine2C receptors expressed in the human neuroblastoma cell line SH-SY5Y: comparative stimulation by hallucinogenic drugs.,1996,Newton RA; Phipps SL; Flanigan TP; Newberry NR; Carey JE; Kumar C; McDonald B; Chen C; Elliott JM,candidate_paper_corpus | mechanistic:paper_library | mechanistic:stubs
442,10.1016/s0028-3908(96)00078-0,DOI,5-HT2B,"Effects of 5-HT agonists, selective for different receptor subtypes, on oxytocin, CCK, gastrin and somatostatin plasma levels in the rat.",1996,Uvnäs-Moberg K; Hillegaart V; Alster P; Ahlenius S,candidate_paper_corpus | mechanistic:paper_library
444,10.1016/0014-2999(96)00189-6,DOI,5-HT2B,Effects of the 5-HT2C/2B receptor agonist 1-(3-chlorophenyl) piperazine on plasma glucose levels of rats.,1996,Sugimoto Y; Yamada J; Yoshikawa T; Horisaka K,candidate_paper_corpus | mechanistic:paper_library
445,10.1007/bf00171052,DOI,5-HT1D,Pharmacological characterizations of recombinant human 5-HT1D alpha and 5-HT1D beta receptor subtypes coupled to adenylate cyclase inhibition in clonal cell lines: apparent differences in drug intrinsic efficacies between human 5-HT1D subtypes.,1996,Zgombick JM; Schechter LE; Adham N; Kucharewicz SA; Weinshank RL; Branchek TA,candidate_paper_corpus | mechanistic:paper_library
446,10.1007/bf00178713,DOI,5-HT1B,Promotion of cell growth by stimulation of cloned human 5-HT1D receptor sites in transfected C6-glial cells is highly sensitive to intrinsic activity at 5-HT1D receptors.,1996,Pauwels PJ; Wurch T; Palmier C; Colpaert FC,candidate_paper_corpus | mechanistic:paper_library
447,10.1016/0028-3908(95)00195-6,DOI,5-HT2A,"Protective actions of the 5-HT2A/2C receptor agonist, DOI, on 5-HT1A receptor-mediated inhibition of lordosis behavior.",1996,Maswood S; Andrade M; Caldarola-Pastuszka M; Uphouse L,mechanistic:paper_library
448,10.1016/0006-2952(95)02122-1,DOI,5-HT2A,"Radiolabelling of the human 5-HT2A receptor with an agonist, a partial agonist and an antagonist: effects on apparent agonist affinities.",1996,Sleight AJ; Stam NJ; Mutel V; Vanderheyden PM,candidate_paper_corpus | mechanistic:paper_library
449,10.1152/ajpregu.1996.271.5.r1231,DOI,5-HT1A,Role of CRH in the effects of 5-HT-receptor agonists on food intake and metabolic rate.,1996,Bovetto S; Rouillard C; Richard D,candidate_paper_corpus | mechanistic:paper_library
450,10.1016/0166-4328(96)00112-x,DOI,5-HT2A,"Role of the hypothalamic paraventricular nucleus in 5-HT1A, 5-HT2A and 5-HT2C receptor-mediated oxytocin, prolactin and ACTH/corticosterone responses.",1996,Bagdy G,candidate_paper_corpus | mechanistic:paper_library
451,10.1046/j.1471-4159.1996.66010065.x,DOI,5-HT1D,Stimulation of cloned human serotonin 5-HT1D beta receptor sites in stably transfected C6 glial cells promotes cell growth.,1996,Pauwels PJ; Wurch T; Amoureux MC; Palmier C; Colpaert FC,candidate_paper_corpus | mechanistic:paper_library
452,10.1016/0922-4106(95)90053-5,DOI,5-HT1A,5-HT1A receptor-mediated activation of high-affinity GTPase in rat hippocampal membranes.,1995,Odagaki Y; Fuxe K,candidate_paper_corpus | mechanistic:paper_library
453,10.1007/bf02246545,DOM,5-HT2A,5-HT2C receptor-mediated phosphoinositide turnover and the stimulus effects of m-chlorophenylpiperazine.,1995,Fiorella D; Helsley S; Rabin RA; Winter JC,candidate_paper_corpus | mechanistic:paper_library
455,10.1016/0006-8993(95)00865-n,DOI,5-HT2A,"DOI, a 5-HT2A/2C receptor agonist, potentiates amphetamine-induced dopamine release in rat striatum.",1995,Ichikawa J; Meltzer HY,candidate_paper_corpus | mechanistic:paper_library | mechanistic:stubs
456,10.1016/0893-133x(95)00049-j,DOI,5-HT2A,"Differential regulation of rat 5-HT2A and 5-HT2C receptors after chronic treatment with clozapine, chlorpromazine and three putative atypical antipsychotic drugs.",1995,Kuoppamäki M; Pälvimäki EP; Hietala J; Syvälahti E,candidate_paper_corpus | mechanistic:paper_library
457,10.1007/bf02245187,DOI,5-HT1B,"Evidence that 1-(2,5-dimethoxy-4-iodophenyl)-2-aminopropane (DOI)-induced hyperthermia in rats is mediated by stimulation of 5-HT2A receptors.",1995,Mazzola-Pomietto P; Aulakh CS; Wozniak KM; Hill JL; Murphy DL,candidate_paper_corpus | mechanistic:paper_library | mechanistic:stubs
458,10.1016/0091-3057(95)00172-s,DOI,5-HT2A,Evidence that 5-HT2A receptors are not involved in 5-HT-mediated thermoregulation in mice.,1995,Morishima Y; Shibano T,candidate_paper_corpus | mechanistic:paper_library
459,10.1113/jphysiol.1995.sp020758,DOI,5-HT1B,Inhibition of N- and P-type calcium currents and the after-hyperpolarization in rat motoneurones by serotonin.,1995,Bayliss DA; Umemiya M; Berger AJ,candidate_paper_corpus | mechanistic:paper_library
460,10.1016/0893-133x(94)00127-l,DOI,5-HT2A,"Lack of cross-tolerance for hypophagia induced by DOI versus m-CPP suggests separate mediation by 5-HT2A and 5-HT2C receptors, respectively.",1995,Aulakh CS; Mazzola-Pomietto P; Hulihan-Giblin BA; Murphy DL,candidate_paper_corpus | mechanistic:paper_library | mechanistic:stubs
462,10.1016/0278-5846(95)00237-5,DOI,5-HT1A,"Pharmacological profile of (-)HT-90B, a novel 5-HT1A receptor agonist/5-HT2 receptor antagonist.",1995,Uchida H; Inagawa K; Tameda C; Miyauchi T,mechanistic:paper_library
463,10.1007/bf02246075,DOM,5-HT2A,Role of 5-HT2A and 5-HT2C receptors in the stimulus effects of hallucinogenic drugs. II: Reassessment of LSD false positives.,1995,Fiorella D; Rabin RA; Winter JC,candidate_paper_corpus | mechanistic:paper_library | mechanistic:stubs
464,10.1055/s-2007-979624,DOI,5-HT2A,Serotonin receptors and animal models of aggressive behavior.,1995,Olivier B; Mos J; van Oorschot R; Hen R,mechanistic:paper_library
465,10.1007/bf02246074,DOM,5-HT2A,The role of the 5-HT2A and 5-HT2C receptors in the stimulus effects of hallucinogenic drugs. I: Antagonist correlation analysis.,1995,Fiorella D; Rabin RA; Winter JC,candidate_paper_corpus | mechanistic:paper_library
466,10.1021/jm00051a011,DOI,5-HT2A,"1-(2,5-Dimethoxy-4-(trifluoromethyl)phenyl)-2-aminopropane: a potent serotonin 5-HT2A/2C agonist.",1994,Nichols DE; Frescas S; Marona-Lewicka D; Huang X; Roth BL; Gudelsky GA; Nash JF,candidate_paper_corpus | mechanistic:paper_library | mechanistic:stubs
472,10.1016/0091-3057(94)90172-4,DOI,5-HT1A,Drug discrimination and receptor binding studies of N-isopropyl lysergamide derivatives.,1994,Huang X; Marona-Lewicka D; Pfaff RC; Nichols DE,mechanistic:paper_library
474,10.1016/0014-2999(94)90316-6,DOI,5-HT2C,Hypersensitivity to serotonin and its agonists in serotonin-hyperinnervated neostriatum after neonatal dopamine denervation.,1994,el Mansari M; Radja F; Ferron A; Reader TA; Molina-Holgado E; Descarries L,candidate_paper_corpus | mechanistic:paper_library
475,10.1111/j.1476-5381.1994.tb14808.x,DOI,5-HT2B,"In vivo properties of SB 200646A, a 5-HT2C/2B receptor antagonist.",1994,Kennett GA; Wood MD; Glen A; Grewal S; Forbes I; Gadre A; Blackburn TP,candidate_paper_corpus | mechanistic:paper_library | mechanistic:stubs
476,10.1113/jphysiol.1994.sp020230,DOI,5-HT7,Inhibition by 5-HT7 receptor stimulation of GABAA receptor-activated current in cultured rat suprachiasmatic neurones.,1994,Kawahara F; Saito H; Katsuki H,candidate_paper_corpus | mechanistic:paper_library | mechanistic:stubs
478,10.1016/0014-2999(94)90119-8,DOI,5-HT2A,Preclinical pharmacology of FG5893: a potential anxiolytic drug with high affinity for both 5-HT1A and 5-HT2A receptors.,1994,Albinsson A; Björk A; Svartengren J; Klint T; Andersson G,candidate_paper_corpus | mechanistic:paper_library
479,10.1016/0922-4106(94)90087-6,DOI,5-HT2C,Regulation of serotonin 5-HT2C receptors in the rat choroid plexus after acute clozapine treatment.,1994,Kuoppamäki M; Seppälä T; Syvälahti E; Hietala J,candidate_paper_corpus | mechanistic:paper_library
481,10.1111/j.1476-5381.1994.tb14809.x,DOM,NMDA receptor,Species-dependent functional properties of non-NMDA receptors expressed in Xenopus laevis oocytes injected with mammalian and avian brain mRNA.,1994,Bowie D; Smart TG,candidate_paper_corpus | mechanistic:curated | mechanistic:paper_library | mechanistic:stubs
483,10.1016/0006-2952(93)90073-6,DOM,5-HT1A,"Activity of serotonin (5-HT) receptor agonists, partial agonists and antagonists at cloned human 5-HT1A receptors that are negatively coupled to adenylate cyclase in permanently transfected HeLa cells.",1993,Pauwels PJ; Van Gompel P; Leysen JE,mechanistic:paper_library
487,10.1016/0091-3057(93)90375-4,DOB,5-HT1A,Modulation of oral movements by intranigral 5-hydroxytryptamine receptor agonists in the rat.,1993,Liminga U; Johnson AE; Andrén PE; Gunne LM,candidate_paper_corpus | mechanistic:paper_library
491,10.1016/0303-7207(93)90256-j,DOI,5-HT1A,Serotonin-dependent collagenase induction in rat myometrial smooth muscle cells: mediation by the 5-HT2 receptor.,1993,Rydelek-Fitzgerald L; Wilcox BD; Teitler M; Jeffrey JJ,mechanistic:paper_library
496,10.1016/0091-3057(92)90649-z,DOI,5-HT1A,5-HT1A and 5-HT2 receptors mediate discrete behaviors in the Mongolian gerbil.,1992,Eison AS; Wright RN,candidate_paper_corpus | mechanistic:paper_library
498,10.1016/0014-2999(92)90753-q,DOI,5-HT1A,5-HT2/5-HT1C receptor-mediated facilitatory action on unit activity of ventral horn cells in rat spinal cord slices.,1992,Yamazaki J; Fukuda H; Nagao T; Ono H,candidate_paper_corpus | mechanistic:paper_library
500,10.1016/0028-3908(92)90098-a,DOI,5-HT1A,Neuroendocrine responses to the serotonin2 agonist DOI are differentially modified by three 5-HT1A agonists.,1992,Li Q; Rittenhouse PA; Levy AD; Alvarez Sanz MC; Van de Kar LD,mechanistic:paper_library
501,10.1111/j.1476-5381.1992.tb14206.x,DOI,5-HT1A,"Pharmacological characterization of RP 62203, a novel 5-hydroxytryptamine 5-HT2 receptor antagonist.",1992,Doble A; Girdlestone D; Piot O; Allam D; Betschart J; Boireau A; Dupuy A; Guérémy C; Ménager J; Zundel JL,candidate_paper_corpus | mechanistic:paper_library
503,10.1016/0091-3057(92)90506-b,DOM,5-HT1A,"Stimulus effects of ibogaine in rats trained with yohimbine, DOM, or LSD.",1992,Palumbo PA; Winter JC,mechanistic:paper_library
506,10.1016/0014-2999(91)90106-z,DOI,5-HT1D,A peripheral 5-HT1D-like receptor involved in serotonergic induced hindlimb scratching in rats.,1991,Berendsen HH; Broekkamp CL,candidate_paper_corpus | mechanistic:paper_library
509,10.1111/j.1476-5381.1991.tb09825.x,DOM,5-HT1A,Characterization of the 5-HT receptor subtypes involved in the motor behaviours produced by intrathecal administration of 5-HT agonists in rats.,1991,Fone KC; Robinson AJ; Marsden CA,candidate_paper_corpus | mechanistic:paper_library | mechanistic:stubs
514,10.1016/0006-8993(91)90355-y,DOI,5-HT1D,Species differences in the distribution of central 5-HT1 binding sites: a comparative autoradiographic study between rat and guinea pig.,1991,Sijbesma H; Schipper J; Cornelissen JC; de Kloet ER,candidate_paper_corpus | mechanistic:paper_library
519,10.1016/0028-3908(90)90001-8,DOI,5-HT2B,Differential interactions of indolealkylamines with 5-hydroxytryptamine receptor subtypes.,1990,McKenna DJ; Repke DB; Lo L; Peroutka SJ,candidate_paper_corpus | mechanistic:paper_library
520,10.1016/0091-3057(90)90098-3,DOI,5-HT1A,Do functional relationships exist between 5-HT1A and 5-HT2 receptors?,1990,Darmani NA; Martin BR; Pandey U; Glennon RA,candidate_paper_corpus | mechanistic:paper_library
522,10.1016/0014-2999(90)90379-k,R-ketamine,NMDA receptor,Evidence of a role for NMDA receptors in pain perception.,1990,Klepstad P; Maurset A; Moberg ER; Oye I,candidate_paper_corpus | mechanistic:paper_library
527,10.1016/0028-3908(89)90143-3,DOI,5-HT1B,Behavioural profiles of putative 5-hydroxytryptamine receptor agonists and antagonists in developing rats.,1989,Jackson HC; Kitchen I,candidate_paper_corpus | mechanistic:paper_library
528,10.1111/j.1600-0773.1989.tb00623.x,DOI,5-HT1B,Characterization of the discriminative stimulus properties induced by 5-HT1 and 5-HT2 agonists in rats.,1989,Arnt J,candidate_paper_corpus | mechanistic:paper_library
529,10.1523/jneurosci.09-10-03482.1989,DOI,5-HT2A,"Differentiation of 5-hydroxytryptamine2 receptor subtypes using 125I-R-(-)2,5-dimethoxy-4-iodo-phenylisopropylamine and 3H-ketanserin.",1989,McKenna DJ; Peroutka SJ,candidate_paper_corpus | mechanistic:paper_library | mechanistic:stubs
530,10.1007/bf00443425,DOI,5-HT1D,Hallucinogenic drug interactions with neurotransmitter receptor binding sites in human cortex.,1989,Pierce PA; Peroutka SJ,candidate_paper_corpus | mechanistic:paper_library
531,10.1016/0091-3057(89)90470-x,DOI,5-HT1A,Selective cross-tolerance to 5-HT1A and 5-HT2 receptor-mediated temperature and corticosterone responses.,1989,Nash JF Jr; Meltzer HY; Gudelsky GA,candidate_paper_corpus | mechanistic:paper_library
534,10.1016/0091-3057(88)90071-8,DOB,5-HT1A,"A preliminary investigation of the psychoactive agent 4-bromo-2,5-dimethoxyphenethylamine: a potential drug of abuse.",1988,Glennon RA; Titeler M; Lyon RA,candidate_paper_corpus | mechanistic:paper_library
537,10.1007/bf00176847,DOB,5-HT1A,Radioligand binding evidence implicates the brain 5-HT2 receptor as a site of action for LSD and phenylisopropylamine hallucinogens.,1988,Titeler M; Lyon RA; Glennon RA,candidate_paper_corpus | mechanistic:paper_library
538,10.1016/0304-3940(88)90658-1,DOB,5-HT1A,Ring-substituted amphetamine interactions with neurotransmitter receptor binding sites in human cortex.,1988,Pierce PA; Peroutka SJ,candidate_paper_corpus | mechanistic:paper_library
539,10.1007/978-3-642-73223-2_2,DOI,5-HT1A,Site-selective serotonin agonists as discriminative stimuli.,1988,Glennon RA,candidate_paper_corpus | mechanistic:paper_library
541,10.1016/0091-3057(88)90310-3,DOI,5-HT1B,Use of TFMPP stimulus properties as a model of 5-HT1B receptor activation.,1988,Schechter MD,candidate_paper_corpus | mechanistic:paper_library
543,10.1016/0006-2952(87)90643-5,DOB,5-HT1A,"Selectivity of serotonergic drugs for multiple brain serotonin receptors. Role of [3H]-4-bromo-2,5-dimethoxyphenylisopropylamine ([3H]DOB), a 5-HT2 agonist radioligand.",1987,Titeler M; Lyon RA; Davis KH; Glennon RA,candidate_paper_corpus | mechanistic:paper_library
544,10.1016/0024-3205(86)90461-3,DOM,5-HT1A,"Discriminative stimulus properties of the serotonergic agent 1-(2,5-dimethoxy-4-iodophenyl)-2-aminopropane (DOI).",1986,Glennon RA,candidate_paper_corpus | mechanistic:paper_library
