compound,target,assay_type,affinity_type,affinity_value,affinity_unit,species,system,study_doi,study_title,study_year,evidence_level,source,notes,source_type,access_level,evidence_location,evidence_locator,study_design,authors,paper_type
MDMA,DAT,uptake inhibition,IC50,17.0,uM,human (in vitro),in_vitro,10.1089/psymed.2023.0015,"Methylenedioxymethamphetamine (MDMA): History, Neurobiology, and Therapeutic Potential",2023,medium,doi,Table reports range 12-24 uM,primary_study,secondary_summary,table,Table (unspecified),in_vitro_uptake_assay,Not available (DOI metadata unresolved),other
MDMA,SERT,uptake inhibition,IC50,1.36,uM,human (in vitro),in_vitro,10.1089/psymed.2023.0015,"Methylenedioxymethamphetamine (MDMA): History, Neurobiology, and Therapeutic Potential",2023,medium,doi,Table reports range 0.83-2.1 uM,primary_study,secondary_summary,table,Table (unspecified),in_vitro_uptake_assay,Not available (DOI metadata unresolved),other
MDMA,NET,uptake inhibition,IC50,0.447,uM,human (in vitro),in_vitro,10.1089/psymed.2023.0015,"Methylenedioxymethamphetamine (MDMA): History, Neurobiology, and Therapeutic Potential",2023,medium,doi,Table reports range 0.13-0.8 uM,primary_study,secondary_summary,table,Table (unspecified),in_vitro_uptake_assay,Not available (DOI metadata unresolved),other
S-ketamine,NMDA receptor,[3H]MK-801 binding,Ki,0.3,uM,rat,in_vitro,10.1016/S0014-2999(97)01116-3,Norketamine is a noncompetitive antagonist at the NMDA receptor,1997,high,doi,Ki reported for S-ketamine in abstract,primary_study,abstract_only,abstract,Abstract,in_vitro_binding_assay,Bjarke Ebert; Soren Mikkelsen; Christian Thorkildsen; Finn M. Borgbjerg,primary_results
R-ketamine,NMDA receptor,[3H]MK-801 binding,Ki,1.4,uM,rat,in_vitro,10.1016/S0014-2999(97)01116-3,Norketamine is a noncompetitive antagonist at the NMDA receptor,1997,high,doi,Ki reported for R-ketamine in abstract,primary_study,abstract_only,abstract,Abstract,in_vitro_binding_assay,Bjarke Ebert; Soren Mikkelsen; Christian Thorkildsen; Finn M. Borgbjerg,primary_results
5-MeO-DMT,5-HT1A,radioligand binding,Ki,3.0,nM,human (cloned receptors),in_vitro,10.1007/s00213-011-2616-6,"Behavioral effects of α,α,β,β-tetradeutero-5-MeO-DMT in rats: comparison with 5-MeO-DMT administered in combination with a monoamine oxidase inhibitor",2012,high,doi,"Table 1 receptor binding data ([3H]8-OH-DPAT), human cloned receptors",primary_study,secondary_summary,table,Table 1,in_vitro_binding_assay,Adam L. Halberstadt; David E. Nichols; Mark A. Geyer,primary_results
5-MeO-DMT,5-HT2A,radioligand binding,Ki,907.0,nM,human (cloned receptors),in_vitro,10.1007/s00213-011-2616-6,"Behavioral effects of α,α,β,β-tetradeutero-5-MeO-DMT in rats: comparison with 5-MeO-DMT administered in combination with a monoamine oxidase inhibitor",2012,high,doi,"Table 1 receptor binding data ([3H]ketanserin), human cloned receptors",primary_study,secondary_summary,table,Table 1,in_vitro_binding_assay,Adam L. Halberstadt; David E. Nichols; Mark A. Geyer,primary_results
5-MeO-DMT,5-HT2C,radioligand binding,Ki,418.0,nM,rat (cloned receptors),in_vitro,10.1007/s00213-011-2616-6,"Behavioral effects of α,α,β,β-tetradeutero-5-MeO-DMT in rats: comparison with 5-MeO-DMT administered in combination with a monoamine oxidase inhibitor",2012,high,doi,"Table 1 receptor binding data ([3H]mesulergine), rat cloned receptors",primary_study,secondary_summary,table,Table 1,in_vitro_binding_assay,Adam L. Halberstadt; David E. Nichols; Mark A. Geyer,primary_results
S-ketamine,NMDA receptor,functional assay,Ki,1000.0,nM,,in_vivo,10.1007/s12640-017-9759-0,Comparison of the Psychopharmacological Effects of Tiletamine and Ketamine in Rodents,2017,medium,doi,Auto-generated stub from DOI queue; Abstract-first autofill from paper metadata; Full-text PDF autofill for mechanistic affinity fields,primary_study,full_text_seen,text,"PDF extraction snippet: r ol ; # P < 0. 05 v s. ac qu is it io n tr ia l 55 0 N eu ro to x Re s ( 20 17 ) 32 :5 44  55 4 R R ti me s mo re po te nt . At pr es en t, we ca nn ot of fe r an ex pl an at io",preclinical_study,Piotr Popik; Małgorzata Hołuj; Tomasz Kos; Gabriel Nowak; Tadeusz Librowski; Kinga Sałat,primary_results
LSD,5-HT2A,functional assay,Ki,0.044,nM,,in_vivo,10.3389/fphar.2019.01406,Neurochemical and Behavioral Profiling in Male and Female Rats of the Psychedelic Agent 25I-NBOMe,2019,medium,doi,Auto-generated stub from DOI queue; Abstract-first autofill from paper metadata; Full-text PDF autofill for mechanistic affinity fields,primary_study,full_text_seen,text,"PDF extraction snippet: e), a r e p r o b a b l y t h e m os t fa m o u s; t h e y u s e d t o b e m a r k et e d a s a lega l l ys er g ic acid diet h y l a mide (LS D), w i t h a li a s es s uc h a s ",preclinical_study,Cristina Miliano; Matteo Marti; Nicholas Pintori; M. Paola Castelli; Micaela Tirri; Raffaella Arfè; Maria Antonietta De Luca,primary_results
Ketamine,NMDA receptor,functional assay,Ki,3.1,uM,,in_vivo,10.1038/s41380-020-0740-6,Reproducing the dopamine pathophysiology of schizophrenia and approaches to ameliorate it: a translational imaging study with ketamine,2020,medium,doi,Auto-generated stub from DOI queue; Abstract-first autofill from paper metadata; Full-text PDF autofill for mechanistic affinity fields; PDF provenance locator refreshed from local full text,primary_study,full_text_seen,text,"PDF extraction snippet: in schizophrenia patients and were acquired using an equivalent PET imaging technique. It should be noted that we investigated dopamine synthesis capacity in the striatum and, alth",preclinical_study,Michelle Kokkinou; Elaine E. Irvine; David R. Bonsall; Sridhar Natesan; Lisa Wells; Mark A. Smith; Justyna Glegola; Eleanor J. Paul; Kyoko Tossell; Mattia Veronese,primary_results
S-ketamine,NMDA receptor,radioligand binding,Ki,1000.0,nM,,in_vitro,10.1038/s41398-021-01540-2,N-methyl-D-aspartate receptor availability in first-episode psychosis: a PET-MR brain imaging study,2021,medium,doi,Auto-generated stub from DOI queue; Full-text PDF autofill for mechanistic affinity fields (comparator `>` retained in context only),primary_study,full_text_seen,text,Metadata/title snippet: N-methyl-D-aspartate receptor availability in first-episode psychosis: a PET-MR brain imaging study,in_vitro_binding_assay,Katherine Beck; Atheeshaan Arumuham; Mattia Veronese; Barbara Santangelo; Colm J. McGinnity; Joel Dunn; Robert A. McCutcheon; Stephen J. Kaar; Nisha Singh; Toby Pillinger,primary_results
LSD,5-HT2A,radioligand binding,Kd,0.425,nM,,in_vitro,10.1038/s41593-023-01316-5,Psychedelics promote plasticity by directly binding to BDNF receptor TrkB,2023,medium,doi,Auto-generated stub from DOI queue; Abstract-first autofill from paper metadata; Full-text PDF autofill for mechanistic affinity fields; PDF provenance locator refreshed from local full text,primary_study,full_text_seen,text,"PDF extraction snippet: require intact TrkB signaling12,13, we set out to explore whether direct binding to TrkB might mediate the neuroplastic effects behind their therapeutic potential. Results Psychede",preclinical_study,Rafael Moliner; Mykhailo Girych; Cecilia A. Brunello; Vera Kovaleva; Caroline Biojone; Giray Enkavi; Lina Antenucci; Erik F. Kot; Sergey A. Goncharuk; Katja Kaurinkoski,primary_results
Psilocin,5-HT2A,radioligand binding,Kd,0.425,nM,,in_vitro,10.1038/s41593-023-01316-5,Psychedelics promote plasticity by directly binding to BDNF receptor TrkB,2023,medium,doi,Auto-generated stub from DOI queue; Abstract-first autofill from paper metadata; Full-text PDF autofill for mechanistic affinity fields; PDF provenance locator refreshed from local full text,primary_study,full_text_seen,text,"PDF extraction snippet: require intact TrkB signaling12,13, we set out to explore whether direct binding to TrkB might mediate the neuroplastic effects behind their therapeutic potential. Results Psychede",preclinical_study,Rafael Moliner; Mykhailo Girych; Cecilia A. Brunello; Vera Kovaleva; Caroline Biojone; Giray Enkavi; Lina Antenucci; Erik F. Kot; Sergey A. Goncharuk; Katja Kaurinkoski,primary_results
MDMA,SERT,uptake inhibition,Ki,0.6,uM,,in_vitro,10.1186/1471-2210-6-6,Comparison of the monoamine transporters from human and mouse in their sensitivities to psychostimulant drugs,2006,medium,doi,Auto-generated stub from DOI queue; Abstract-first autofill from paper metadata; Full-text PDF autofill for mechanistic affinity fields; PDF provenance locator refreshed from local full text,primary_study,full_text_seen,text,"PDF extraction snippet: Dawn D Han1 and Howard H Gu*1,2 Address: 1Department of Pharmacology, The Ohio State University College of Medicine, USA and 2Department of Psychiatry, The Ohio State University Co",preclinical_study,Dawn D. Han; Howard H. Gu,primary_results
MDMA,SERT (SLC6A4),uptake inhibition,Ki,0.6,uM,,in_vitro,10.1186/1471-2210-6-6,Comparison of the monoamine transporters from human and mouse in their sensitivities to psychostimulant drugs,2006,medium,doi,Auto-generated stub from DOI queue; Abstract-first autofill from paper metadata; Full-text PDF autofill for mechanistic affinity fields; PDF provenance locator refreshed from local full text,primary_study,full_text_seen,text,"PDF extraction snippet: Dawn D Han1 and Howard H Gu*1,2 Address: 1Department of Pharmacology, The Ohio State University College of Medicine, USA and 2Department of Psychiatry, The Ohio State University Co",preclinical_study,Dawn D. Han; Howard H. Gu,primary_results
S-ketamine,NMDA receptor,functional assay,Other,50.0,uM,,in_vivo,10.12688/f1000research.14344.1,Ketamine and rapid-acting antidepressants: a new era in the battle against depression and suicide,2018,medium,doi,Auto-generated stub from DOI queue; Abstract-first autofill from paper metadata; Full-text PDF autofill for mechanistic affinity fields; PDF provenance locator refreshed from local full text,primary_study,full_text_seen,text,"PDF extraction snippet: could find no evidence that (2R,6R)-HNK blocks NMDA receptors, including binding to known sites on the receptor complex or NMDA activ - ity in hippocampal slices, so the initial ce",preclinical_study,Ronald S. Duman,primary_results
MDMA,SERT,uptake inhibition,Other,2.5,nM,,in_vitro,10.1523/jneurosci.1171-11.2011,"Characterization of 3,4-Methylenedioxymethamphetamine (MDMA) Enantiomers<i>In Vitro</i>and in the MPTP-Lesioned Primate:<i>R</i>-MDMA Reduces Severity of Dyskinesia, Whereas<i>S</i>-MDMA Extends Duration of ON-Time",2011,medium,doi,Auto-generated stub from DOI queue; Abstract-first autofill from paper metadata; Full-text PDF autofill for mechanistic affinity fields; PDF provenance locator refreshed from local full text,primary_study,full_text_seen,text,PDF extraction snippet: rters binding assays Receptor/transporter Brain tissue Radioligand (concentration) Nonspecific displacer Ionic conditions Incubation parameters 5-HT1A cerebral cortex [ 3H]-WAY-100,preclinical_study,Philippe Huot; Tom H. Johnston; Katie D. Lewis; James B. Koprich; M. Gabriela Reyes; Susan H. Fox; Matthew Piggott; Jonathan M. Brotchie,primary_results
MDMA,SERT (SLC6A4),uptake inhibition,Other,2.5,nM,,in_vitro,10.1523/jneurosci.1171-11.2011,"Characterization of 3,4-Methylenedioxymethamphetamine (MDMA) Enantiomers<i>In Vitro</i>and in the MPTP-Lesioned Primate:<i>R</i>-MDMA Reduces Severity of Dyskinesia, Whereas<i>S</i>-MDMA Extends Duration of ON-Time",2011,medium,doi,Auto-generated stub from DOI queue; Abstract-first autofill from paper metadata; Full-text PDF autofill for mechanistic affinity fields; PDF provenance locator refreshed from local full text,primary_study,full_text_seen,text,PDF extraction snippet: rters binding assays Receptor/transporter Brain tissue Radioligand (concentration) Nonspecific displacer Ionic conditions Incubation parameters 5-HT1A cerebral cortex [ 3H]-WAY-100,preclinical_study,Philippe Huot; Tom H. Johnston; Katie D. Lewis; James B. Koprich; M. Gabriela Reyes; Susan H. Fox; Matthew Piggott; Jonathan M. Brotchie,primary_results
MDMA,SERT,uptake inhibition,Kd,45.0,M,,in_vivo,10.1523/jneurosci.4034-14.2015,Amphetamine Action at the Cocaine- and Antidepressant-Sensitive Serotonin Transporter Is Modulated by αCaMKII,2015,medium,doi,Auto-generated stub from DOI queue; Abstract-first autofill from paper metadata; Full-text PDF autofill for mechanistic affinity fields; PDF provenance locator refreshed from local full text,primary_study,full_text_seen,text,"PDF extraction snippet: 2011). Insights into the molecular underpinnings of amphet- amine action are therefore crucial for developing new strategies to treat and prevent amphetamine abuse. Here, we reexam",preclinical_study,Thomas Steinkellner; Therese Montgomery; Tina Hofmaier; Oliver Kudlacek; Jae‐Won Yang; Mattias Rickhag; Gyou-Chul Jung; Gert Lübec; Ulrik Gether; Michael Freissmuth,primary_results
MDMA,SERT (SLC6A4),uptake inhibition,Kd,45.0,M,,in_vivo,10.1523/jneurosci.4034-14.2015,Amphetamine Action at the Cocaine- and Antidepressant-Sensitive Serotonin Transporter Is Modulated by αCaMKII,2015,medium,doi,Auto-generated stub from DOI queue; Abstract-first autofill from paper metadata; Full-text PDF autofill for mechanistic affinity fields; PDF provenance locator refreshed from local full text,primary_study,full_text_seen,text,"PDF extraction snippet: 2011). Insights into the molecular underpinnings of amphet- amine action are therefore crucial for developing new strategies to treat and prevent amphetamine abuse. Here, we reexam",preclinical_study,Thomas Steinkellner; Therese Montgomery; Tina Hofmaier; Oliver Kudlacek; Jae‐Won Yang; Mattias Rickhag; Gyou-Chul Jung; Gert Lübec; Ulrik Gether; Michael Freissmuth,primary_results
Ketamine,NMDA receptor,radioligand binding,IC50,9262.0,M,,in_vivo,10.1523/jneurosci.4722-05.2006,A Specific Role for NR2A-Containing NMDA Receptors in the Maintenance of Parvalbumin and GAD67 Immunoreactivity in Cultured Interneurons,2006,medium,doi,Auto-generated stub from DOI queue; Abstract-first autofill from paper metadata; Full-text PDF autofill for mechanistic affinity fields; PDF provenance locator refreshed from local full text,primary_study,full_text_seen,text,"PDF extraction snippet: pClamp8 software package (Molecular Devices). The external recording solution was composed of the following (in m M): 155 NaCl, 3.5 KCl, 2 CaCl2, 1.5 MgSO4, 10 glucose, 10 HEPES, p",preclinical_study,Jefferson W. Kinney; Christopher N. Davis; Iustin V. Tabarean; Bruno Conti; Tamás Bartfai; M. Margarita Behrens,primary_results
