doi,invalid_pdf_path,invalid_sha256,invalid_bytes,active_pdf_count,active_pdfs,identical_active_copy_count,current_canonical_exists,current_backend,current_identity_status,action
10.1007/s00787-024-02458-y,/Users/frank/Library/CloudStorage/Dropbox/projects/psychedelics_knowledge_graph/data/raw/papers/invalid/10.1007_s00787-024-02458-y__f258f1d013.pdf,eba9c437c7523381ae649cbe5b3760779d3b9be1c9914742e0aa7f96a0e2a08f,1816,1,"[{""path"": ""/Users/frank/Library/CloudStorage/Dropbox/projects/psychedelics_knowledge_graph/data/raw/papers/pdfs/10.1007_s00787-024-02458-y__f258f1d013.pdf"", ""sha256"": ""0c4394f15af959c7ce4e88c091dd06891cfe7d43cc15775227e27fc7e6e9758c"", ""same_bytes_as_invalid"": false, ""bytes"": 558503}]",0,True,grobid,,retain_distinct_active_replacement
10.1007/s11255-022-03374-3,/Users/frank/Library/CloudStorage/Dropbox/projects/psychedelics_knowledge_graph/data/raw/papers/invalid/10.1007_s11255-022-03374-3__16fbdc0673.pdf,2565782965cb01c6fcd0ad0c43582d5fa159b9b0819c05b40d75f43c2fee2e05,1817,0,[],0,False,,,no_active_copy
10.1007/s12105-018-0981-8,/Users/frank/Library/CloudStorage/Dropbox/projects/psychedelics_knowledge_graph/data/raw/papers/invalid/10.1007_s12105-018-0981-8__1cc0ce9d9f.pdf,b96ebdb33632937dfe42237146b0e2ddc5b8aa5aa56bc8e826db75e38ef321b8,479324,0,[],0,False,,,no_active_copy
10.1016/j.jad.2020.02.023,/Users/frank/Library/CloudStorage/Dropbox/projects/psychedelics_knowledge_graph/data/raw/papers/invalid/10.1016_j.jad.2020.02.023__f5c2f60b2f.pdf,975266133e9968661e67cabbebcd0c20841a66d3974e50d1f868020d3093d660,127468,0,[],0,False,,,no_active_copy
10.1016/j.josat.2023.209063,/Users/frank/Library/CloudStorage/Dropbox/projects/psychedelics_knowledge_graph/data/raw/papers/invalid/10.1016_j.josat.2023.209063__7bbb4e2e7e.pdf,0de648417430875d62cc6d31b967cf34f74a57cb1fb2f01b1fe9c9fa08f759f5,1817,0,[],0,False,,,no_active_copy
10.1016/j.pmip.2023.100100,/Users/frank/Library/CloudStorage/Dropbox/projects/psychedelics_knowledge_graph/data/raw/papers/invalid/10.1016_j.pmip.2023.100100__6c3b0a6e01.pdf,913558ebe2abccbdbb0e4ed586b413c22cc2be099bce30a2f21b69d324db8e46,1817,0,[],0,False,,,no_active_copy
10.1016/s0893-133x_00_00227-x,/Users/frank/Library/CloudStorage/Dropbox/projects/psychedelics_knowledge_graph/data/raw/papers/invalid/10.1016_s0893-133x_00_00227-x__63afa8182d.pdf,bd3e06ad7308af4f9c9b14028ddca8d66962a18aa3bdcb6a8b47dc8bbe96f856,300526,0,[],0,False,,,no_active_copy
10.1016/s0893-133x_01_00423-7,/Users/frank/Library/CloudStorage/Dropbox/projects/psychedelics_knowledge_graph/data/raw/papers/invalid/10.1016_s0893-133x_01_00423-7__b79b36e831.pdf,e1a9776110edb451ac6db327756d5dd3680458c58fd4a848333f9a1e43f30c71,361866,0,[],0,False,,,no_active_copy
10.1016/s0893-133x_98_00060-8,/Users/frank/Library/CloudStorage/Dropbox/projects/psychedelics_knowledge_graph/data/raw/papers/invalid/10.1016_s0893-133x_98_00060-8__b4e5b739b7.pdf,11f35c517b10142696adcd88740831fbfeed5fc57375b0d08a4d0652c03b75b1,714992,0,[],0,False,,,no_active_copy
10.1017/s1047951117002761,/Users/frank/Library/CloudStorage/Dropbox/projects/psychedelics_knowledge_graph/data/raw/papers/invalid/10.1017_s1047951117002761__d84cb7c06b.pdf,2ba87fc82e8bd944e002d7acb0edd9a01e3521830aa0853be17f005da81c1cac,32151,0,[],0,False,,,no_active_copy
10.1038/npp.2017.84,/Users/frank/Library/CloudStorage/Dropbox/projects/psychedelics_knowledge_graph/data/raw/papers/invalid/10.1038_npp.2017.84__214330b420.pdf,cf6fcc2eac807ec351cab7488ca73a1083568d18cea25273c688e88679cb938c,421851,1,"[{""path"": ""/Users/frank/Library/CloudStorage/Dropbox/projects/psychedelics_knowledge_graph/data/raw/papers/pdfs/10.1038_npp.2017.84__214330b420.pdf"", ""sha256"": ""4d551d3e4d69a222e95d88b5d1b67ad217fe734fa81722fce523800b293fbaf3"", ""same_bytes_as_invalid"": false, ""bytes"": 219455}]",0,True,grobid,,retain_distinct_active_replacement
10.1038/s41386-019-0324-9,/Users/frank/Library/CloudStorage/Dropbox/projects/psychedelics_knowledge_graph/data/raw/papers/invalid/10.1038_s41386-019-0324-9__a1987414ca.pdf,926c65ea4fb988760998c724c16556604e1a33cfab6723150e93087e666d1a86,388046,1,"[{""path"": ""/Users/frank/Library/CloudStorage/Dropbox/projects/psychedelics_knowledge_graph/data/raw/papers/pdfs/10.1038_s41386-019-0324-9__a1987414ca.pdf"", ""sha256"": ""ecb13cf7b2e923024e54548016ad5411f26b3d89d9a284011f6a64ba3470beec"", ""same_bytes_as_invalid"": false, ""bytes"": 1189006}]",0,True,grobid,,retain_distinct_active_replacement
10.1038/s41386-020-0694-z,/Users/frank/Library/CloudStorage/Dropbox/projects/psychedelics_knowledge_graph/data/raw/papers/invalid/10.1038_s41386-020-0694-z__919a845978.pdf,d9d34ca782ba0524284b6b7da17b12f290da552cab54b87006c87a4987bb089b,345725,1,"[{""path"": ""/Users/frank/Library/CloudStorage/Dropbox/projects/psychedelics_knowledge_graph/data/raw/papers/pdfs/10.1038_s41386-020-0694-z__919a845978.pdf"", ""sha256"": ""89710d13d46c0668721717341d530d919e626772f16c27004caa3d3f0ac8ace9"", ""same_bytes_as_invalid"": false, ""bytes"": 795244}]",0,True,grobid,,retain_distinct_active_replacement
10.1038/s41573-023-00670-0,/Users/frank/Library/CloudStorage/Dropbox/projects/psychedelics_knowledge_graph/data/raw/papers/invalid/10.1038_s41573-023-00670-0__64c5c42bf6.pdf,f333522ce9fa52fdd040a13051c10c759bcf22f189af86f2b8c61b633efc282c,942707,0,[],0,False,,,no_active_copy
10.1038/s41573-023-00703-8,/Users/frank/Library/CloudStorage/Dropbox/projects/psychedelics_knowledge_graph/data/raw/papers/invalid/10.1038_s41573-023-00703-8__6a7b3bee2d.pdf,03ed0416e1c67ea19ab03f2f868d05eba8f40cddc79127c4f05c477c591d1732,715790,0,[],0,False,,,no_active_copy
10.1089/psymed.2023.0012,/Users/frank/Library/CloudStorage/Dropbox/projects/psychedelics_knowledge_graph/data/raw/papers/invalid/10.1089_psymed.2023.0012__afde597f8d.pdf,da61daca2ec8b7d918b474f1f9636fc9cc2fc5f816cb11aae5985b59f913ecaa,1817,1,"[{""path"": ""/Users/frank/Library/CloudStorage/Dropbox/projects/psychedelics_knowledge_graph/data/raw/papers/pdfs/10.1089_psymed.2023.0012__afde597f8d.pdf"", ""sha256"": ""17527add2373389ea119c7dde4480af5bcc17e7fd661dea7d2dda2f83bd2304f"", ""same_bytes_as_invalid"": false, ""bytes"": 480185}]",0,True,grobid,,retain_distinct_active_replacement
10.1097/md.0000000000040028,/Users/frank/Library/CloudStorage/Dropbox/projects/psychedelics_knowledge_graph/data/raw/papers/invalid/10.1097_md.0000000000040028__20443af98e.pdf,55837d6df97e0dbee7fc092b35d212518027b7dde896e37d3dce17cf6da63331,1817,1,"[{""path"": ""/Users/frank/Library/CloudStorage/Dropbox/projects/psychedelics_knowledge_graph/data/raw/papers/pdfs/10.1097_md.0000000000040028__20443af98e.pdf"", ""sha256"": ""45d334e6f5c89ee39243708f3af81b84d2ff776c867b8cb3e5281d5ae5c4fad8"", ""same_bytes_as_invalid"": false, ""bytes"": 724989}]",0,True,grobid,,retain_distinct_active_replacement
10.1097/pr9.0000000000001206,/Users/frank/Library/CloudStorage/Dropbox/projects/psychedelics_knowledge_graph/data/raw/papers/invalid/10.1097_pr9.0000000000001206__97e0177166.pdf,b1b9a61c7a49156bd1b4087bc02ad06c24519762a89ad263df7782a19a864e0f,1817,1,"[{""path"": ""/Users/frank/Library/CloudStorage/Dropbox/projects/psychedelics_knowledge_graph/data/raw/papers/pdfs/10.1097_pr9.0000000000001206__97e0177166.pdf"", ""sha256"": ""69c977c0e4e88081580acf2398c268556009ce5cb9693cec20a9981edc7f7160"", ""same_bytes_as_invalid"": false, ""bytes"": 471443}]",0,True,grobid,,retain_distinct_active_replacement
10.1177/14799731231157771,/Users/frank/Library/CloudStorage/Dropbox/projects/psychedelics_knowledge_graph/data/raw/papers/invalid/10.1177_14799731231157771__c9c2076996.pdf,66509e8c4411c42a0735836e28c3877165640546e2f7c9b55b9d42e68d0d305e,1817,0,[],0,False,,,no_active_copy
10.1523/jneurosci.1384-23.2023,/Users/frank/Library/CloudStorage/Dropbox/projects/psychedelics_knowledge_graph/data/raw/papers/invalid/10.1523_jneurosci.1384-23.2023__33292fe5fb.pdf,fbaac055a031807279400d6435afdebf3dfa2874c9812a74a1085c6c84225cb7,1817,1,"[{""path"": ""/Users/frank/Library/CloudStorage/Dropbox/projects/psychedelics_knowledge_graph/data/raw/papers/pdfs/10.1523_jneurosci.1384-23.2023__dcf3599dfe.pdf"", ""sha256"": ""8ac1ca76655b81a9058afc167bdbbc0a6fd63dc03f80c1e58c2ec48d9d515898"", ""same_bytes_as_invalid"": false, ""bytes"": 941673}]",0,True,grobid,,retain_distinct_active_replacement
10.1590/0004-282x20180071,/Users/frank/Library/CloudStorage/Dropbox/projects/psychedelics_knowledge_graph/data/raw/papers/invalid/10.1590_0004-282x20180071__4d4352e008.pdf,e74c62621145d618d7e07921dd7b46b06cac68ba4fbebad5ebafdf9ff00ead04,1761,0,[],0,False,,,no_active_copy
10.21037/jtd-23-1895,/Users/frank/Library/CloudStorage/Dropbox/projects/psychedelics_knowledge_graph/data/raw/papers/invalid/10.21037_jtd-23-1895__49b259e857.pdf,42d012ea7e95f8a5c1e4dd903d0cc36f638f7c22a9e4621732d1af14e4b66483,1816,0,[],0,False,,,no_active_copy
10.2174/011570159x337670241029062524,/Users/frank/Library/CloudStorage/Dropbox/projects/psychedelics_knowledge_graph/data/raw/papers/invalid/10.2174_011570159x337670241029062524__05d585bf26.pdf,2f2af266af576006ebe2e7a8b94f41adbe142921795be4c7d0af61c8c576ca47,1816,1,"[{""path"": ""/Users/frank/Library/CloudStorage/Dropbox/projects/psychedelics_knowledge_graph/data/raw/papers/pdfs/10.2174_011570159x337670241029062524__05d585bf26.pdf"", ""sha256"": ""56ab7b278c427a6cda4ed938ae5adbe1a4322890bf54056686aadca14ff2c777"", ""same_bytes_as_invalid"": false, ""bytes"": 4628014}]",0,True,grobid,,retain_distinct_active_replacement
10.2174/011570159x340635241022113450,/Users/frank/Library/CloudStorage/Dropbox/projects/psychedelics_knowledge_graph/data/raw/papers/invalid/10.2174_011570159x340635241022113450__d19808cbbe.pdf,7dccddf0be826a198ba23b863976f7714534fcbeaa4732b460e16b171cacb912,1816,1,"[{""path"": ""/Users/frank/Library/CloudStorage/Dropbox/projects/psychedelics_knowledge_graph/data/raw/papers/pdfs/10.2174_011570159x340635241022113450__c36a4a3e44.pdf"", ""sha256"": ""17be7f6213bfc3b637b952c13977139790270e8bd80d30e4eab0c067b18c0280"", ""same_bytes_as_invalid"": false, ""bytes"": 7947848}]",0,True,grobid,,retain_distinct_active_replacement
10.2500/aap.2017.38.4002,/Users/frank/Library/CloudStorage/Dropbox/projects/psychedelics_knowledge_graph/data/raw/papers/invalid/10.2500_aap.2017.38.4002__0d2a49c824.pdf,423b7d206b002dc38a09715bb94b5d716c2dd1c6e12183f32adc24afec64e9fc,60285,0,[],0,False,,,no_active_copy
10.7554/elife.67569,/Users/frank/Library/CloudStorage/Dropbox/projects/psychedelics_knowledge_graph/data/raw/papers/invalid/10.7554_elife.67569__dc067ae8eb.pdf,b55f8347cbce9b8b96f18d04bcfba2def1634d8c52ac71f87cb1e3be06ce4972,144523,0,[],0,False,,,no_active_copy
10.7860/jcdr_2016_18204.7916,/Users/frank/Library/CloudStorage/Dropbox/projects/psychedelics_knowledge_graph/data/raw/papers/invalid/10.7860_jcdr_2016_18204.7916__65bf6d69b1.pdf,a0560473f718d14cfc4127881f82973f31096d9fb619194e746255f94758e31d,43079,0,[],0,False,,,no_active_copy
